country,variableId,variableName,lineOfBusiness,Y2000,Y2001,Y2002,Y2003,Y2004,Y2005,Y2006,Y2007,Y2008,Y2009,Y2010,Y2011,Y2012,Y2013,Y2014,Y2015
ae,gwp,Direct Premiums,transport,,,,,,,,231441262.7,268744928.7,284448918.2,314413884.1,327740154.4,326126300.6,240322742.6,234164748.7,
ae,gwp,Direct Premiums,freight,,,,,,,,217119663.1,252114975.9,266847201.6,294957933.5,307459573.3,305945585,225451556.4,219674619.6,
ae,gwp,Direct Premiums,property,,,,,,,,422555207.6,446001906.1,581850238.3,617352212.4,684477603.8,658736555.5,593685815.4,611083582.9,
ae,gwp,Direct Premiums,liability,,,,,,,,1693711096,2277233492,2128726481,2166845473,2163857862,2176561470,2008310373,2239229785,
ae,gwp,Direct Premiums,a_s,,,,,,,,584938597.7,840322123.9,1119917495,1351015657,1537528659,1769812389,2695210727,3012590798,
ae,gwp,Direct Premiums,other,,,,,,,,101950714.8,167158066.7,183594009.5,161161334.2,215004765.1,294723213.1,355521099.9,459249931.9,
ao,gwp,Direct Premiums,motor,,,,,,,,,80140364.25,132159867,230878979.5,,,,,
ao,gwp,Direct Premiums,transport,,,,,,,,,42327844.88,23032172.17,62974314.17,,,,,
ao,gwp,Direct Premiums,property,,,,,,,,,167698763.3,310172299.8,231376228.2,,,,,
ao,gwp,Direct Premiums,liability,,,,,,,,,14778761.71,17701152.73,33597471.76,,,,,
ao,gwp,Direct Premiums,a_s,,,,,,,,,121541954.3,164763670.9,218383566.4,,,,,
ao,gwp,Direct Premiums,other,,,,,,,,,23337622.54,1793814.295,12330026.23,,,,,
ar,gwp,Direct Premiums,motor,,,,,,,,,,2691655728,3147048042,3875695379,4594770282,5160015600,4892300138,
ar,gwp,Direct Premiums,transport,,,,,,,,,,49321335.66,59362864.3,62738307.39,59321535.87,61313282.05,52774239.45,
ar,gwp,Direct Premiums,freight,,,,,,,,,,124731727.5,123304275.6,161409618,182623929.1,170551181,146176806.7,
ar,gwp,Direct Premiums,property,,,,,,,,,,938660488.1,1126430445,1650075736,1439646187,1612314644,1494397101,
ar,gwp,Direct Premiums,pecuniary_loss,,,,,,,,,,150953273.1,155015427,193834202.9,219612528.9,217162347.1,210997220,
ar,gwp,Direct Premiums,liability,,,,,,,,,,1689338555,2094667624,2924380543,3615463529,4255408323,3710602204,
ar,gwp,Direct Premiums,a_s,,,,,,,,,,155562232.2,176859354.6,262067974.6,336066918.1,375150693.2,333345224.3,
ar,gwp,Direct Premiums,other,,,,,,,,,,110660691.8,147082714.8,202278141.7,269759370.3,339391541.5,331762879.2,
at,gwp,Direct Premiums,motor,,,2253732387,2892156186,3390992055,3505981144,3590335198,3929127318,4171746851,3909459998,3716751494,4090647576,4036260344,4182818520,4140050629,
at,gwp,Direct Premiums,transport,,,34419221.7,36194474.19,32235885.07,26501260.96,23808537.22,21379130.74,17770718.9,13623355.6,12875354.26,14585110.66,13615788.19,15095752.97,13526281.17,
at,gwp,Direct Premiums,freight,,,70492032.54,92816406.2,104980790.5,110666726.4,112377651.8,126151674.2,150409929.5,130441748.9,126972964.9,147906660.9,155429024,164120824.5,174883560.2,
at,gwp,Direct Premiums,property,,,1614453881,2042515078,2357322608,2466763261,2597255131,2991386943,3381843984,3290293951,3219471452,3450841358,3305011140,3580615385,3669636628,
at,gwp,Direct Premiums,pecuniary_loss,,,61562651.19,77307235.16,99629486.88,130476076.7,151491408.2,185639879.9,210804491.2,191989277.4,210319124.1,246949025.9,130014000.2,140931325.3,141578797,
at,gwp,Direct Premiums,liability,,,452632702.9,586560829.4,683575576,727055683.8,765451817.3,877662796.9,1010575078,973902733.3,950870917.4,1023485090,985220743.9,1046729630,1085290385,
at,gwp,Direct Premiums,a_s,,,524351226.1,655704093.1,748302229.3,784240649.9,822169903.1,946920873.4,1065529894,1048286422,1023488499,1130169329,1095250094,1184979420,1233007103,
at,gwp,Direct Premiums,other,,,346426924.6,440415673.8,523920476.4,559693187.8,597341771.4,672081580.1,780111618.5,783903039.8,767143698.7,828970093.6,737785194.3,801543841.6,854935650.8,
au,gwp,Direct Premiums,motor,,,,,,6504601867,6539129648,7488679756,7884316764,7847536297,10038526885,11628015067,12155078535,12102506692,11979269635,10216054014
au,gwp,Direct Premiums,transport,,,,,,157432145.2,158780406.9,181122690.7,184054232.5,181375204.4,218800672.1,251346525.3,256511689.4,245188522.2,231090586.8,192303868.3
au,gwp,Direct Premiums,freight,,,,,,290898167.5,293389443.2,334672812.7,340089623.3,335139399.4,404293001.8,464430206.1,473974233.9,453051641.5,427001919.9,355333040.9
au,gwp,Direct Premiums,property,,,,,,4590048439,4630219265,5487560941,5792854939,5932788141,7732988254,9334017780,10617431570,11264812182,10783148138,8913728432
au,gwp,Direct Premiums,pecuniary_loss,,,,,,510852567.2,634545022.9,941850976.2,1109650895,943510572.3,1303250579,1200191287,1198825835,1202793735,1192510564,1141785446
au,gwp,Direct Premiums,liability,,,,,,3518782981,3291796508,3720437160,3744858703,3827911910,4224519887,4947432241,4959015077,5032946089,4845871846,4075768942
au,gwp,Direct Premiums,a_s,,,,,,1116250983,1141728871,1263908656,1374705755,1255637495,1443147534,1835404404,1894082650,1823559262,1754010618,1534133533
au,gwp,Direct Premiums,other,,,,,,555075625.2,507937464.9,667598732.9,694597142.2,550579217.3,614810301.6,738499802.2,798871839.6,874494962.2,833222748.5,729182295.6
be,gwp,Direct Premiums,motor,2343348623,2338541238,2585268505,3201579642,3644207935,3711919219,3809667313,4233884785,4623563409,4466811009,4412966639,4830622052,4547166731,4760089624,4831668959,
be,gwp,Direct Premiums,transport,68177809.39,73477544.72,94094929.69,126036850.5,138567197.3,133589880.9,158081355.9,158412152.9,196523004.6,163184636.2,151293414.2,178081775.7,140624512.7,133629114.6,128213647,
be,gwp,Direct Premiums,freight,63958962.33,68930749.71,88272329.62,118237682.4,129992650.5,125323330.9,148299271.8,148609599.1,184362148.9,153086760.9,141931368.4,167062064.4,131922659.2,125360136.7,120279778.6,
be,gwp,Direct Premiums,property,1336152251,1347952724,1563822871,2017526698,2269082048,2256777178,2497504379,2915336011,3239729704,3207298485,3114020656,3340101678,3243568465,3540847918,3630395928,
be,gwp,Direct Premiums,pecuniary_loss,118276271.2,110164907,114333877.6,139100775.7,185256561.7,169289407.7,231041129.1,271385298.6,257354833.5,202023579.6,189733682.9,225456863.3,213409578,231098101.1,224574272.3,
be,gwp,Direct Premiums,liability,508218352.8,512311600.1,580173560.7,720383692,806922876.1,805369461.7,901562666.8,995079428.2,1105890484,1107646523,1050832705,1109331270,1087617488,1148849756,1170709668,
be,gwp,Direct Premiums,a_s,1709461732,1747412468,1917218493,2396378404,2727871788,2860493080,3019858236,3495113694,3941205450,3796650031,3668626806,3905135546,3712812417,3944605520,3973237125,
be,gwp,Direct Premiums,other,431523583.2,430807481.9,496076741.7,610686332.3,698752937.4,710766557.4,727026161.6,851162981.9,925006801.5,915375805.7,949995223.5,1045173483,971913499.7,1078457805,1172038510,
bg,gwp,Direct Premiums,motor,,,,81903030.76,118694979,146054050.5,222651099.9,310439309.9,409143177.3,377278499.4,337868757,351540417.9,313421137.5,,,
bg,gwp,Direct Premiums,transport,,,,4721668.641,5680913.941,6035123.764,11149614.09,10896964.93,11864800.71,8128111.934,8074947.825,8065598.453,7626383.948,,,
bg,gwp,Direct Premiums,freight,,,,4429491.494,5329378.635,5661669.932,10459675.28,10222660.07,11130606.11,7625143.865,7575269.554,7566498.722,7154462.838,,,
bg,gwp,Direct Premiums,property,,,,42500808.86,60494935.95,59776395.99,74524175.94,84019813.28,95317813.57,98211207.29,87232102.12,87975988.75,82974299.01,,,
bg,gwp,Direct Premiums,liability,,,,4636076.289,6784054.093,8576133.301,10129149.45,10964830.72,12012388.99,10275419.64,10461473.98,10542577.16,11085635.09,,,
bg,gwp,Direct Premiums,a_s,,,,3473663.526,4602769.715,4721581.908,6043386.996,15301580.73,20637493.83,16300685.66,15331141.9,15316910.47,15116775.12,,,
bg,gwp,Direct Premiums,other,,,,6816596.193,9461970.182,23763780.2,16520154.16,16260531.96,28660176.64,12963713.69,11055671.03,12361717.03,11085635.09,,,
bh,gwp,Direct Premiums,motor,,,,,,,,125000000,145478723.4,151595744.7,152925531.9,147872340.4,164893617,180976063.8,,
bh,gwp,Direct Premiums,transport,,,,,,,,9468487.202,10291833.91,10840731.72,10977956.18,9742936.106,9605711.654,8341874.449,,
bh,gwp,Direct Premiums,freight,,,,,,,,8882576.628,9654974.596,10169906.57,10298639.57,9140042.617,9011309.623,7825678.742,,
bh,gwp,Direct Premiums,property,,,,,,,,71276595.74,116755319.1,86436170.21,94946808.51,146542553.2,151329787.2,172723404.3,,
bh,gwp,Direct Premiums,pecuniary_loss,,,,,,,,6382978.723,8510638.298,,,10638297.87,11968085.11,11382978.72,,
bh,gwp,Direct Premiums,a_s,,,,,,,,39095744.68,56382978.72,71808510.64,84574468.09,92553191.49,98936170.21,108598404.3,,
bh,gwp,Direct Premiums,other,,,,,,,,12234042.55,11968085.11,50000000,69680851.06,25000000,30053191.49,30465425.53,,
bn,gwp,Direct Premiums,motor,,,,13392854.91,9931138.989,9854010.618,9078891.931,9302356.679,,,,,,,,
bn,gwp,Direct Premiums,property,,,,6035221.968,6176049.083,6508057.01,6738997.282,12738655.2,,,,,,,,
bn,gwp,Direct Premiums,pecuniary_loss,,,,451134.9945,410592.7832,403148.6571,338586.1541,450520.6979,,,,,,,,
bn,gwp,Direct Premiums,liability,,,,2772815.723,3050455.893,3799570.95,4440639.225,8549277.161,,,,,,,,
bn,gwp,Direct Premiums,other,,,,3841535.01,3955653.239,5853766.566,5861694.125,7412691.071,,,,,,,,
bw,gwp,Direct Premiums,motor,,,,,,,,,,,,,50876496.36,47988324.27,,
bw,gwp,Direct Premiums,transport,,,,,,,,,,,,,2037063.722,728242.4963,,
bw,gwp,Direct Premiums,freight,,,,,,,,,,,,,1911010.093,683178.8056,,
bw,gwp,Direct Premiums,property,,,,,,,,,,,,,63727950.89,59279694.68,,
bw,gwp,Direct Premiums,pecuniary_loss,,,,,,,,,,,,,1965683.279,1411421.302,,
bw,gwp,Direct Premiums,liability,,,,,,,,,,,,,12380793.6,14114213.02,,
bw,gwp,Direct Premiums,a_s,,,,,,,,,,,,,6932833.154,5645685.208,,
bw,gwp,Direct Premiums,other,,,,,,,,,,,,,11210400.52,9879949.114,,
ca,gwp,Direct Premiums,motor,,,,,15837238730,17022810060,18542478457,20551140727,21216485887,19715402097,22853898313,24925702586,25423724845,27185019884,25718804399,
ca,gwp,Direct Premiums,transport,,,,,241496058.5,246497086.2,264829877.7,274977299.7,289120931.5,282947938.1,314099763.5,321701906,312859360.5,321089859.5,314009080.6,
ca,gwp,Direct Premiums,freight,,,,,226552267.5,231243831.3,248442188.5,257961687.4,271230110.4,265439102.2,294663250.7,301794972.2,293499604,301220799.2,294578179.3,
ca,gwp,Direct Premiums,property,,,,,8486232449,9352935204,10324919890,11385758293,12025608216,11764192136,14085605145,15505189454,15892821550,17301037290,17131000477,
ca,gwp,Direct Premiums,pecuniary_loss,,,,,813447553.9,849788234.8,1189094435,1706314473,1538060326,1122584415,1495250576,1624894214,1618240999,1574886989,1710033557,
ca,gwp,Direct Premiums,liability,,,,,3767706817,4105124876,4436382149,4648765620,4661536212,4302154643,4911104963,5265582771,5165161776,5366640712,5115665761,
ca,gwp,Direct Premiums,a_s,,,,,590819584,680502326.5,699671625.3,858407738.7,899131675.4,923477496,1031909720,1104293623,1098708435,1160559499,1084146312,
ca,gwp,Direct Premiums,other,,,,,135176997.1,161124010.8,211256418.7,268653479,249624332.2,204189087.1,245792500.9,315596673.5,333782599.3,346494924.2,316283494.9,
ch,gwp,Direct Premiums,motor,2417395905,2496541800,2840869390,3517799396,4004373934,4156044577,4232229798,4475677230,4979859636,4939546061,5192415298,6208843825,6029682138,6228548931,6402973283,
ch,gwp,Direct Premiums,transport,119164755.1,126267759.1,154560010.9,178931386.9,204793117.6,184890446,188587922.3,200714348,223126173.6,216970901.4,234816853.2,248461378.2,245827628.1,240807718.3,232955337,
ch,gwp,Direct Premiums,freight,111790832.6,118454302.4,144995827.8,167859101.6,192120506.8,173449413.8,176918090,188294131.7,209319112.2,203544728.6,220286371.8,233086572.8,230615799.3,225906521.8,218540046.3,
ch,gwp,Direct Premiums,property,1828822789,1885092982,2108499690,2567312539,2775914716,2795802145,2815883630,2893510011,3280542063,3501619631,3882586740,4495192226,4412082394,4436805480,4402072884,
ch,gwp,Direct Premiums,pecuniary_loss,82963881.72,102864485.4,110615172.4,137160095.7,141239619.3,146176240.2,169696142.9,210504823.2,255755840.8,222091063.9,241918235.2,319864807.8,322860525.4,335531373.8,331445118.3,
ch,gwp,Direct Premiums,liability,868885703.9,948895656.9,1036311278,1388274835,1507032009,1527278753,1587079393,1578943684,1717551944,1773762718,1881506774,2144847205,2043373076,2102750409,2113041578,
ch,gwp,Direct Premiums,a_s,5616769592,5798904276,6459207934,7564805027,8518491459,8660962696,8778526338,9245447007,10527271216,10621352608,11389777724,13756604422,13283729824,13581559702,13699103972,
ch,gwp,Direct Premiums,other,277552056.6,288966876.5,349769313.6,424141253.3,532987559.7,537925450.6,544833456.6,599525803.7,738793979.1,808958151.1,885551372.7,1084780172,1057395700,1116087673,1235194230,
cl,gwp,Direct Premiums,motor,,,,,432015971.6,518458977.3,583654341.4,675335490.2,708793421.3,665489952.4,834403957.4,1015154136,1119214847,1181185172,1086346973,
cl,gwp,Direct Premiums,transport,,,,,51130126.88,51471822.15,48296339.03,47266092.1,62341660.79,56596102,58085330.39,60401577.2,57771516.91,56645911.43,46322608.77,
cl,gwp,Direct Premiums,freight,,,,,66999088.9,79719540.77,92540759.98,100056189.6,134002481.3,81746796.1,102916742.4,137700517.4,137438741.1,140870313.6,127980549,
cl,gwp,Direct Premiums,property,,,,,651329040.4,713195505.7,765754916.3,879986088.1,1077185435,969657194.9,1271797832,1629467342,1692214282,1605937877,1536206010,
cl,gwp,Direct Premiums,pecuniary_loss,,,,,26222687.68,30314521,38940713.47,44065654.53,54974430.51,50821714.78,62581839.11,75353351.08,78369259.71,76806039.18,79108290.88,
cl,gwp,Direct Premiums,liability,,,,,70886945,72850106.37,78654290.81,78113234.59,104729302.4,99212758.49,110574583.2,147933465.4,167422496.1,180631011,179600882,
cl,gwp,Direct Premiums,a_s,,,,,58214529.01,91611788.38,143386057.3,188641140.4,168978694.1,157862107.3,167238461.8,140588688.8,131096210.6,147247924.7,130134947.6,
cl,gwp,Direct Premiums,other,,,,,163587575.9,212254350.6,241090895.4,300184306.8,340416295.1,334907218.6,444464162.4,565662820.7,557389238.7,498982232.5,500327776.3,
cn,gwp,Direct Premiums,motor,,,,,,10630767911,13894614711,19980104062,24527928646,31546125789,45245283409,53408097191,63522851598,76293663822,89834185112,
cn,gwp,Direct Premiums,transport,,,,,,,,,562088627,606754060,777197297,867575640.3,885585963.8,868457881.3,901862920.9,
cn,gwp,Direct Premiums,freight,,,,,,662784183.2,705713658.3,856059013.7,1022089608,904474137.6,1200042834,1493554128,1546624421,1604709165,1573879813,
cn,gwp,Direct Premiums,property,,,,,,1993529140,2093889720,3239193053,5364184173,6232566391,7664555962,9332360907,11122067409,12893441447,13439055171,
cn,gwp,Direct Premiums,pecuniary_loss,,,,,,,,,607468908.8,1100246113,1710648794,2590014702,3963265080,4382600370,6460020539,
cn,gwp,Direct Premiums,liability,,,,,,604441983.2,710177287.2,939562539.1,1180746465,1354919484,1790793545,2264986458,2866098459,3470408257,4158224975,
cn,gwp,Direct Premiums,a_s,,,,,,646779708,889587829.8,1190487176,1574506108,1714449579,1979712714,2491856380,3176732544,4257379113,5480940005,
cn,gwp,Direct Premiums,other,,,,,,1186284891,1138076135,1468693802,462422970.9,408954686.9,461486651.2,655290567.2,641726801.1,799505086.7,899279668,
co,gwp,Direct Premiums,motor,,,,,,,,,1241794528,1182166273,1468986399,1690136883,1936220901,1976765640,2047144418,
co,gwp,Direct Premiums,transport,,,,,,,,,42637778.54,49608779.52,68363976.26,75320668.09,75143344.44,29843452.95,47925701.05,
co,gwp,Direct Premiums,freight,,,,,,,,,116859089.4,108462648.7,119800789.6,136958012.6,150880928.6,142047364.9,131586023.7,
co,gwp,Direct Premiums,property,,,,,,,,,693466165.8,687232492.4,844133101.8,981818904.8,1141261760,1174401922,1142795016,
co,gwp,Direct Premiums,pecuniary_loss,,,,,,,,,275758551.7,347849786.7,447124764.5,551915341.6,642802058.1,653499115.8,658697639.6,
co,gwp,Direct Premiums,liability,,,,,,,,,166841843.8,176114031.1,232065424,290544506.2,363968978.6,391726496.1,387658963.4,
co,gwp,Direct Premiums,a_s,,,,,,,,,85165439.51,94350795.92,123409620.1,145829301.7,154658167.7,167326489.7,184177192.1,
cy,gwp,Direct Premiums,motor,,,,126599800.3,165424162.9,187826597.9,202570332.6,243601200.7,284332973,280224817.4,270347942.4,275558388.5,244263974.8,,,
cy,gwp,Direct Premiums,transport,,,,14907942.1,4547056.918,4549120.801,4712638.454,5511894.284,6171884.632,4787707.829,4126681.905,4308430.057,,,,
cy,gwp,Direct Premiums,freight,,,,13985437.72,4265684.755,4267620.925,4421020.095,5170817.925,5789968.029,4491444.173,3871322.574,4041824.139,,,,
cy,gwp,Direct Premiums,property,,,,68119798.56,85517661.54,96611971.25,109185768.4,134626297,155642320.9,160260429.3,161103798.9,164221665.8,155557583.9,,,
cy,gwp,Direct Premiums,liability,,,,20863985.45,25651195.46,30770839.4,35027844.22,44016502.42,52840094.41,54257960.43,53865790.62,57060070.34,56566394.16,,,
cy,gwp,Direct Premiums,a_s,,,,44382194.65,59755809.47,65941958.63,76553720.2,94924546.66,116868506.4,125380013.3,128039719.4,134995776.2,132416786.3,,,
cy,gwp,Direct Premiums,other,,,,6828377.915,7233709.234,8633759.793,9301916.762,9917899.094,13023625.17,13732030.35,,19483926.46,26997597.21,,,
cz,gwp,Direct Premiums,motor,,,,1154279307,1434501551,1588375896,1719728789,2026660886,2229181918,2136818478,2012634893,1933507884,1723350941,,,
cz,gwp,Direct Premiums,transport,,,,12494653.89,15814653.9,15746419.98,16217485.67,17608220.09,17307153,14527939.84,14669105.74,14396519.82,13318683.25,,,
cz,gwp,Direct Premiums,freight,,,,11721483.94,14836042.14,14772030.54,15213946.65,16518622.35,16236185.3,13628950.03,13761380.57,13505662.28,12494522.31,,,
cz,gwp,Direct Premiums,property,,,,559064784.3,676641664,740169002.7,782861954,850854759.4,953167063.3,953808065.7,1066752083,1110960191,974052366.6,,,
cz,gwp,Direct Premiums,pecuniary_loss,,,,91671690.17,114245061.7,133432159.9,148557375.5,177319573.1,205359649.5,200807570.4,218312251.3,227810253.1,208776184.3,,,
cz,gwp,Direct Premiums,liability,,,,177950928,221769825.7,259015369.2,288376081.9,344208583.1,398639319.7,389802930.8,423782605.4,442219903.1,405271416.5,,,
cz,gwp,Direct Premiums,a_s,,,,75195644.12,103379777.7,116493776,133766328.3,177016909.7,218004339,222992041.8,283298942.8,308057360.6,254809563.8,,,
cz,gwp,Direct Premiums,other,,,,133816842.3,169007366.6,188991192.2,316552899.1,330973750.9,374941197.4,360987117.1,282663624.7,293053866.2,325655312.1,,,
de,gwp,Direct Premiums,motor,18929470381,19231747556,20881429155,25401271811,28164468040,27566041541,26827139799,28712701654,30187721969,28170167944,26964871406,29306330467,28494035459,31121875029,32641671152,
de,gwp,Direct Premiums,transport,779992280.9,806866623.2,874205276.8,1096754001,1226319696,1185032160,1205111189,1313689354,1312606740,1214108071,1215276330,1305669729,1266151273,1208486890,1210144850,
de,gwp,Direct Premiums,freight,731726310.3,756937666.6,820109400.3,1028886796,1150434957,1111702297,1130538834,1232398175,1231382554,1138978989,1140074956,1224874805,1187801754,1133705647,1135261012,
de,gwp,Direct Premiums,property,11364593998,11089844408,12390957608,15655848848,17543547725,17641450014,17872538125,19211200811,21445745925,20845907560,20087091741,21507332219,20587853395,22216762050,22977004392,
de,gwp,Direct Premiums,pecuniary_loss,931148425.6,981542452,1077573174,1456826173,1626279078,1710818838,1722512070,1892843926,2039867940,1950711820,2044347263,2142675227,2018777472,2100469235,2074322125,
de,gwp,Direct Premiums,liability,5430266898,5303947665,5809672835,7131346190,8125054396,8472934856,8630892961,9349634726,10038750285,9524645483,8998153082,9640368469,9122616659,9593227497,9889241032,
de,gwp,Direct Premiums,a_s,24131685843,24364088748,27105538673,34548335258,40261845852,41553454375,43596456532,49031922038,53956426150,52744873478,52649372154,57274532699,54188548648,56226964898,56683077863,
de,gwp,Direct Premiums,other,2485557358,2424523604,2576480860,3197282220,3635628940,3751627543,3849597248,4328458449,4711358172,4467089662,4308812134,4635226104,4298146036,4537757312,4632342682,
dk,gwp,Direct Premiums,motor,,,,1783755533,2033417181,2103164176,2196364320,2408497395,2550557822,2404777250,2253021875,2332264114,2164006405,2194502153,,
dk,gwp,Direct Premiums,transport,,,,73822422.25,79725452.25,87861348.78,93027172.68,98425500.58,107989508.2,99451364.76,71668307.12,76953509.44,75261938.3,71749597.3,,
dk,gwp,Direct Premiums,freight,,,,69254286.2,74792036.34,82424483.09,87270645.48,92334924.52,101307110.8,93297308.17,67233467.84,72191621.52,70604724.91,67309727.79,,
dk,gwp,Direct Premiums,property,,,,1991287529,2296041929,2361873109,2430765172,2775081875,3075777348,3008599728,2933908243,3110381121,2987593904,3168451588,,
dk,gwp,Direct Premiums,pecuniary_loss,,,,88998456.67,82830482.14,85530431.72,89242479.51,96712863.26,106885395.1,93196749.7,89091809.76,94363871.29,91334871.54,95105182.98,,
dk,gwp,Direct Premiums,liability,,,,172761710,160788583,166029661.6,173235401.4,187736734.6,207483414,180911337.7,172942924.8,183176926.6,177297103.6,184615943.4,,
dk,gwp,Direct Premiums,a_s,,,,1147644475,1546785789,1627406883,1793519286,2061367359,2425860604,2317463201,2223918244,2341817421,2189244667,2095326681,,
dk,gwp,Direct Premiums,other,,,,257597853.4,303005316.3,324348327.6,379981916.3,426525968,492902205.6,520360046.2,368158497.2,502325788.5,514666010.6,480208706.5,,
dz,gwp,Direct Premiums,motor,,,,159726132.1,215318624,257559373.8,290199335.8,354151393.2,457799909.6,486417844.7,532963313.8,597110832,676666610.7,765480972.3,,
dz,gwp,Direct Premiums,transport,,,,25119875.38,28103527.59,30742522.72,31925201.85,38184030.08,46025695.07,43927741.72,42262912.46,40378498.11,35488506.82,35338749.17,,
dz,gwp,Direct Premiums,freight,,,,23565455.94,26364479.57,28840173.51,29949668.39,35821199.93,43177622.22,41209490.35,39647680.83,37879874.15,33292475.82,33151985.18,,
dz,gwp,Direct Premiums,property,,,,173538398.3,194669351.4,212442471.9,241704304,287520709.3,408127241.3,407130786.2,372973494.2,418643902.8,442401137.5,494604905.7,,
dz,gwp,Direct Premiums,pecuniary_loss,,,,3940824.324,4135405.384,3275274.185,4432415.621,10434044.71,13858178.96,11287393.74,5673111.828,6704334.975,7506193.867,10999339.79,,
dz,gwp,Direct Premiums,a_s,,,,18153633.36,28878451.69,35509430.96,41915234.68,51188874.97,84078113.68,79287058.48,96523561.43,96575328.35,96716405.17,107901885.4,,
ec,gwp,Direct Premiums,motor,,,,,,,,,288768000,290011000,333957000,403381000,445004000,482125000,499507000,
ec,gwp,Direct Premiums,transport,,,,,,,,,45640622.26,48294224.81,58488124.38,66446352.19,69664419.29,76141830.59,74898357.5,
ec,gwp,Direct Premiums,freight,,,,,,,,,42816377.74,45305775.19,54868875.62,62334647.81,65353580.71,71430169.41,70263642.5,
ec,gwp,Direct Premiums,property,,,,,,,,,173428000,197079000,233713000,270743000,299001000,349881000,412816000,
ec,gwp,Direct Premiums,pecuniary_loss,,,,,,,,,65166000,69608000,67622000,84498000,96721000,99116000,96545000,
ec,gwp,Direct Premiums,liability,,,,,,,,,52387000,50936000,59903000,72568000,90246000,121716000,100949000,
ec,gwp,Direct Premiums,a_s,,,,,,,,,74773000,84393000,117650000,145463000,164194000,176615000,172114000,
ee,gwp,Direct Premiums,motor,,,,,,,,,101527217.1,86478631.48,62381250.6,90227280,91634987.34,121264080.1,127724291.9,
ee,gwp,Direct Premiums,transport,,,,,,,,,145474599.1,124452098.1,85277993.02,108796853.6,110589871.8,139397312.1,145603859,
ee,gwp,Direct Premiums,freight,,,,,,,,,2720608.24,1890662.052,1858859.369,3358193.896,3082868.482,4028278.97,3751320.537,
ee,gwp,Direct Premiums,property,,,,,,,,,83057963.66,81277569.25,61756323.57,87765346.72,90360957.87,114835834,119787119.5,
ee,gwp,Direct Premiums,pecuniary_loss,,,,,,,,,4282384.429,4659081.726,3518697.392,7060139.922,6983378.479,10598637.05,11313759.49,
ee,gwp,Direct Premiums,liability,,,,,,,,,7694174.222,8115774.837,7682223.944,12258173.16,13573363.4,18109325.34,19770509.01,
ee,gwp,Direct Premiums,a_s,,,,,,,,,15082463.84,17863064.24,16082251.54,26736122.23,31249075.98,43063935.81,46700817.9,
ee,gwp,Direct Premiums,other,,,,,,,,,50000.36765,227102.3688,476324.4207,1142593.116,1603143.035,2180822.311,2476961.204,
eg,gwp,Direct Premiums,motor,,,,,,,,142296634.1,231210382.3,282287105.5,319440265.4,345542908.6,330482625.1,308916641.6,332627118.6,
eg,gwp,Direct Premiums,transport,,,,,,,,60625466.02,59802150.91,63970423.81,68956275.54,70659838.31,72102300.13,68130531.69,63841807.91,
eg,gwp,Direct Premiums,freight,,,,,,,,38709892.7,52580064.58,50972046.89,44730032.9,45382004.51,47188233.04,44546886.11,47175141.24,
eg,gwp,Direct Premiums,property,,,,,,,,229606967.6,270170262,298381785.4,337796603.2,325099105.7,370411130,399757350.5,387146892.7,
eg,gwp,Direct Premiums,a_s,,,,,,,,109823333.2,153712647.5,161059332.7,148595429.6,166076100.9,183638123.7,190416101.4,234604519.8,
es,gwp,Direct Premiums,motor,,,,,,,,,17769248303,15877660093,14219411746,14646345859,12790433080,12705082963,12537242839,
es,gwp,Direct Premiums,transport,,,,,,,,,435297318.4,448631673.4,366199276.1,366019475.6,316257567.4,306802651.5,284931277.6,
es,gwp,Direct Premiums,freight,,,,,,,,,442650313.6,278653213.3,229537952,243549080.7,219837577.3,223129201.1,214541445.9,
es,gwp,Direct Premiums,property,,,,,,,,,10882432959,10200100872,9288989608,9856083369,9157327855,9135015745,9211228537,
es,gwp,Direct Premiums,pecuniary_loss,,,,,,,,,1704424297,1506120618,1337423443,1381967069,1144183882,1083770405,1071145682,
es,gwp,Direct Premiums,liability,,,,,,,,,2682372665,2184641192,1643916316,1594898551,1349879861,1260414356,1216408346,
es,gwp,Direct Premiums,a_s,,,,,,,,,9814778050,9598349213,8490412701,10180549919,9621633242,10056550173,10499600381,
es,gwp,Direct Premiums,other,,,,,,,,,2939727498,2948150997,2895097175,3224589829,3158718874,3354906917,3532195252,
fi,gwp,Direct Premiums,motor,,,,,,,,,842356040.2,837966733.1,828202716.1,811252160.1,808354706.5,988821698.2,,
fi,gwp,Direct Premiums,transport,,,,,,,,,83198529.06,80145198.38,80639393.74,84829472.67,85472057.81,93135703.46,,
fi,gwp,Direct Premiums,freight,,,,,,,,,87446602.12,75253943.49,64753884.78,70144345.46,67035694.6,74975514.98,,
fi,gwp,Direct Premiums,property,,,,,,,,,1153446800,1142040146,1115817486,1069183229,1054731832,1344699609,,
fi,gwp,Direct Premiums,pecuniary_loss,,,,,,,,,46190088,50787276.85,54228232.09,52988175.02,42477126.31,40553271.92,,
fi,gwp,Direct Premiums,liability,,,,,,,,,1233751104,1193914463,1171715108,1281606063,1244725007,1382580374,,
fi,gwp,Direct Premiums,a_s,,,,,,,,,410339616.5,421049681.9,436501347.3,500919781.4,508037220.4,589151312.8,,
fi,gwp,Direct Premiums,other,,,,,,,,,939717392.8,848705348.7,792128865.9,891588299.1,885118001.3,930517177,,
fr,gwp,Direct Premiums,motor,,,,,21911250917,22231682513,22261566183,24264312833,26291369789,24850293561,24295199074,26332526606,25038343016,26151273629,26683144306,
fr,gwp,Direct Premiums,transport,700401584.9,1066181344,813093402.3,816284064.1,981238110.6,1037146577,973260756.3,1011115832,1120596475,1036311300,945882115.7,1015530081,884621268.7,863031874.3,,
fr,gwp,Direct Premiums,freight,324502962.5,340615562.1,400641025.6,466044143.6,509890711.1,510482250.8,518210184.6,605408517.1,714858197.5,653302458.6,600646421.3,688060945.7,653598972.5,669387603.3,,
fr,gwp,Direct Premiums,property,10673786652,10960960423,12774495797,16548468704,19132402492,20011003812,20877830725,23758549322,26335487761,25183284151,24492893611,26997763524,25798132538,27126135734,27666487273,
fr,gwp,Direct Premiums,pecuniary_loss,1427631555,1517230508,1701779451,2196208995,2526451902,2770869276,3039948769,3489631163,3877969691,3502670891,3744254917,3930186308,3676815621,3858275769,3906795033,
fr,gwp,Direct Premiums,liability,3252641634,3465268498,3952550496,3010457438,3606907956,3820214649,4087167800,4523088310,5020625152,4856925508,4544320727,4886290413,4686011516,4822512674,4757253815,
fr,gwp,Direct Premiums,a_s,638507057.8,601876565.1,711515783.7,13547058471,16479130662,17704435631,19033268667,21947943365,25289891837,24836360900,24518102982,26108461452,25785276539,27941619838,28907625559,
fr,gwp,Direct Premiums,other,356676880.3,397668444.8,431822992.3,582413816.9,675129617.4,694584481.6,757161961.1,912841458.9,1060301914,1134118578,1155650614,1280372310,1266315869,1356041157,1475014451,
gb,gwp,Direct Premiums,motor,,,,18909185874,21561842455,21340394324,21585448561,24012316149,22273826965,18344575590,20067771499,22941616540,21951531324,21257086016,21776090781,
gb,gwp,Direct Premiums,transport,,,,1137796008,1222784945,1549484319,1607297569,2131376779,2556936412,2101504471,2242088477,2376172901,2176247769,1914648374,1694106935,
gb,gwp,Direct Premiums,freight,,,,1067389120,1147118937,1453602134,1507837896,1999487052,2398713029,1971463244,2103347904,2229135175,2041581423,1796169814,1589275493,
gb,gwp,Direct Premiums,property,,,,17003596470,19590872023,19295830012,19674937755,21562711674,20188893190,16094168249,16407147920,17045454545,16727551784,17001001440,17094017094,
gb,gwp,Direct Premiums,pecuniary_loss,,,,7519089897,8255792261,9143538284,8667726354,9767156137,8086482201,5314084073,5934924190,5977021148,5606097074,5964650956,6654080093,
gb,gwp,Direct Premiums,liability,,,,7187855049,8387903278,8743414899,8522200906,9307901711,9810015873,7255132658,7064971018,7193189869,7068530639,6278467558,6843537684,
gb,gwp,Direct Premiums,a_s,,,,7537533247,8970576431,8402501920,8873685297,10166841477,9448167541,7592627317,8018119249,8189776304,7997704124,8407857404,8635971242,
gh,gwp,Direct Premiums,motor,,,,,,,,73853622.98,86443413.21,75053327.42,86588750.93,107431713.1,,,,
gh,gwp,Direct Premiums,transport,,,,,,,,10654488.86,12391675,7058066.723,9546156.195,19058685.26,,,,
gh,gwp,Direct Premiums,property,,,,,,,,26353564.03,29361937.56,35534431.56,39292191.78,51427667.27,,,,
gh,gwp,Direct Premiums,a_s,,,,,,,,40544199.72,46645256.61,34672978.14,50200585.15,52203869.79,,,,
gh,gwp,Direct Premiums,other,,,,,,,,452683.0392,1937236.383,4368685.72,4189931.51,6908702.772,,,,
gr,gwp,Direct Premiums,motor,,,753960295.5,1003204881,1129549214,1177809569,1182848209,1386345688,1510061881,2026208365,2057709404,2078586167,1662293403,1591486245,1241285321,
gr,gwp,Direct Premiums,transport,,,199661725.1,267617698.7,331271231.7,372585139.4,400955012.1,482571663.9,553552595.4,647977640.4,585690252,517543484.2,371763687,342973455.8,296078682.7,
gr,gwp,Direct Premiums,freight,,,37742705.76,45375350.9,50803419.8,47995233.53,50135504.73,57710471.1,64866242.93,54384035,44746554.79,39311501.53,30382596.54,30549638.73,28739048.02,
gr,gwp,Direct Premiums,property,,,307702557.5,436127034.7,524754762.6,535776603.7,580792928,673337126,756901462.9,831399229.5,796250286.7,763540509.4,672366870.8,688440414.9,623167535,
gr,gwp,Direct Premiums,pecuniary_loss,,,16233541.37,27228349.08,33180988.14,35320354.44,38587811.9,46368198.36,57656758.56,64225970.69,62829180.66,67723436.48,51364243.8,36950205.8,38883577.27,
gr,gwp,Direct Premiums,liability,,,31463597.8,45597847.84,63156444.69,63077750.09,78570451.96,97214361.16,105849977.8,118892846.4,113007767.4,106390250,98403701.56,101347676.8,101738437.1,
gr,gwp,Direct Premiums,a_s,,,82713894.57,121374908.8,104606938.9,113099810.6,115549146.3,79464847.19,91591335.8,100366688.2,99149551.58,105997205.4,84012986.87,82260234.34,82117741.98,
gr,gwp,Direct Premiums,other,,,68027578.21,88364116.74,119028104.6,129275353.9,138898189.2,171295216,204602138.1,250940212.3,239957444.1,242923351.4,206223595.8,222057137.9,205023297.2,
hk,gwp,Direct Premiums,motor,,354712722.7,406564523.4,372712680.6,364105950.4,352510832.9,327250479.4,318562732.7,340176808.7,337214177.4,372768406.2,414362795.5,447900106.5,479667354.3,507319821.1,
hk,gwp,Direct Premiums,transport,,56424284.98,57849862.17,74208667.74,87332017.15,92068351.98,99978542.01,122572439.6,115785197.9,156854903.7,131597119.7,139748201.4,146665657.6,154538421.9,176951936.2,
hk,gwp,Direct Premiums,freight,,107617688.7,109673697,115377207.1,125194722,124930620.9,126392339.9,128071088.2,134676061.5,110555681,122484173.7,120362281.6,116316593.1,107233109.9,107968924.2,
hk,gwp,Direct Premiums,property,,394995636.4,407077376.8,401168539.3,391761517.1,373159034.7,375431203.3,382841806.7,398621621.9,402721966,432259983.6,452389517,482078258.6,504551315.1,508944771.4,
hk,gwp,Direct Premiums,pecuniary_loss,,84232572.67,97698570.42,96898876.4,127043562.1,126820587.1,110070363.4,129327189.7,188703160.8,208804463.5,215570086.2,190968653.6,207892381.2,190097988.7,206059182,
hk,gwp,Direct Premiums,liability,,489189960.9,744945188.8,803030497.6,701827411.5,614136149.8,633197432.7,627076653.1,664763197.1,791227787.3,781023242.3,846775436.8,1057614618,1215330067,1225934775,
hk,gwp,Direct Premiums,a_s,,484574477.4,518494775.3,511743178.2,534045171,570962636.9,666562230,771259166.2,893045991.9,953758828.7,1024266823,1143679342,1272855753,1335778752,1419884208,
hr,gwp,Direct Premiums,motor,,,,52184778.16,62828053.13,71007049.66,78769308.94,96525635.26,112287470.5,101807533.8,93097585.81,92683852.57,82779993.2,,,
hr,gwp,Direct Premiums,transport,,,,2778103.925,2744179.086,3470757.146,4208503.862,4303379.623,5358680.007,4748612.37,4703082.552,4189027.304,3349234.44,,,
hr,gwp,Direct Premiums,freight,,,,2606194.682,2574369.114,3255986.479,3948081.383,4037086.226,5027084.557,4454767.943,4412055.513,3929810.036,3141983.606,,,
hr,gwp,Direct Premiums,property,,,,18571928.53,22117377.27,23737424.11,27149776.6,31175033.94,37135306.71,35232095.34,32937674.58,32822944.84,29312259.89,,,
hr,gwp,Direct Premiums,liability,,,,2965265.899,3761899.946,4423689.028,5313432.674,6382490.635,7658468.299,6973829.027,6553045.204,7175363.888,6513835.531,,,
hr,gwp,Direct Premiums,a_s,,,,10788105.54,12669387.18,14981256.14,16849174.66,19757749.89,22837662.66,21206662.24,19462051.55,19167408.03,16804790.97,,,
hr,gwp,Direct Premiums,other,,,,2106899.455,2659274.1,3488785.677,3915160.918,5187362.906,6391239.731,5055377.919,6060335.038,6728455.41,6853097.798,,,
hu,gwp,Direct Premiums,motor,,,,799040522.4,1040730624,1103245703,1165512447,1261945901,1260436273,1091216576,965460579.5,760865528.6,662398404.4,,,
hu,gwp,Direct Premiums,transport,,,,7466627.528,8898843.376,7589156.564,8321983.715,10652691.28,9545158.407,8044212.335,7891391.307,7722158.053,6313257.159,,,
hu,gwp,Direct Premiums,freight,,,,7004592.155,8348182.397,7119539.087,7807018.848,9993502.085,8954503.415,7546435.979,7403071.525,7244310.436,5922592.416,,,
hu,gwp,Direct Premiums,property,,,,468903706.6,533702439.1,558329878.9,600862699.7,675166175.8,774736061.2,699636783.4,698289608.8,672641669.7,690775723.4,,,
hu,gwp,Direct Premiums,liability,,,,61857032.51,79502116.46,78190402.19,88749412.68,97326652.5,107849444.3,98505487.48,91026876.33,85662349.79,89560965.1,,,
hu,gwp,Direct Premiums,a_s,,,,60465486.23,80149132.67,79150307.02,83737153.07,102166785.7,111268159.7,70688597.11,101075204.7,104451173.8,111886332.6,,,
hu,gwp,Direct Premiums,other,,,,38161972,44750269.39,58431130.32,87712049.5,120549568.6,93628690.83,185634850.9,44742509.4,48221846.45,56103701.36,,,
id,gwp,Direct Premiums,motor,,,,,,,552664503.7,590438770.4,683737719.4,696408385.5,982332664.8,1143546803,1962503556,1770028474,1806042195,
id,gwp,Direct Premiums,transport,,,,,,,113540697.2,125928213.5,149187812.6,174491733,201102404.4,235116432.9,123800892.4,108078949.1,110624847.1,
id,gwp,Direct Premiums,freight,,,,,,,138275249.8,152892418.8,185192766.8,159440391.2,205920029.5,244746743.8,276995535.8,237963319.3,267733547.1,
id,gwp,Direct Premiums,property,,,,,,,794343537.2,886261776.6,958030397.6,924306301.2,1022042774,1229794195,798966694.5,696148395.7,920469839.4,
id,gwp,Direct Premiums,pecuniary_loss,,,,,,,45690089.69,56768274.81,80533139.5,77414989.26,92916483.63,142363091.1,464975282.9,399570911.1,430960203.6,
id,gwp,Direct Premiums,liability,,,,,,,34672815.84,32585143.86,33714472.04,57101200.08,58351530.73,65834489.37,58981382.32,50899889.69,54652004.16,
id,gwp,Direct Premiums,a_s,,,,,,,104596285.4,120774105.7,173287122.2,193842811.9,298311433.6,394093298.3,736972295.2,647489560.1,702154301.4,
id,gwp,Direct Premiums,other,,,,,,,105922607,120976140.5,143016245.3,126321135.2,177588398.8,226286766.5,289769359.2,248234856.2,317254793.8,
ie,gwp,Direct Premiums,motor,,,,,,,,,2137249539,1901086469,1775905945,1661997019,1520463536,1507435648,1584392752,
ie,gwp,Direct Premiums,transport,,,,,,,,,33387380.79,23915066.5,21683991.25,21799913.99,19392996.31,18425982.86,18367252.02,
ie,gwp,Direct Premiums,freight,,,,,,,,,6549677.571,4691472.376,4253797.327,4276538.152,3804367.697,3614666.495,3603819.091,
ie,gwp,Direct Premiums,property,,,,,,,,,1431732586,1358214279,1330941981,1336527769,1193487922,1102533181,1115638475,
ie,gwp,Direct Premiums,pecuniary_loss,,,,,,,,,50488606.53,38670099.67,34205135.28,41706736.29,26660770.05,40296071.2,37905213.71,
ie,gwp,Direct Premiums,liability,,,,,,,,,1044453268,872858898.4,743935156.2,733326282,689401643.3,669586825.8,724718451.6,
ie,gwp,Direct Premiums,a_s,,,,,,,,,863406348.6,915183534.9,873086741.5,1022599963,720160905.7,524339012.9,494888609.8,
ie,gwp,Direct Premiums,other,,,,,,,,,113887602.1,144147307.2,127692095.4,123661697.8,108505914.4,109335964.8,99328270.45,
il,gwp,Direct Premiums,motor,,,,,,2065388751,2087536043,2341495665,2767122967,2642758681,2693829988,2894805755,2767948028,3057529749,,
il,gwp,Direct Premiums,transport,,,,,,8021792.536,8751360.388,9493536.849,11148762.96,11188432.79,11518962.76,11458489.66,10632986.9,10524106.02,,
il,gwp,Direct Premiums,freight,,,,,,32532825.29,35678623.12,41868931.74,46546085.36,39668079.88,42861256.77,48349236.88,46681405.89,46804576.77,,
il,gwp,Direct Premiums,property,,,,,,688091537.6,720528671.9,754127619.4,877407645,843963827.8,914284183.5,1009744467,997944721.4,1121925092,,
il,gwp,Direct Premiums,pecuniary_loss,,,,,,87125580.05,78089061.92,92987976.31,99502709.43,86964636.67,91615936.35,94183195.54,89472694.62,100255957.3,,
il,gwp,Direct Premiums,liability,,,,,,71973305.26,73825578.66,79356231.1,93370889.8,595784046,630328357.4,657884992,644981424.7,713146657.8,,
il,gwp,Direct Premiums,other,,,,,,115870336.6,112645715.8,135587180.1,144933918.5,132735498.1,142245795.9,170759443.5,150158522.3,154261238.2,,
in,gwp,Direct Premiums,motor,,,,,,,,,3065304947,3108743505,3974378175,5193645698,5544873144,5772226220,,
in,gwp,Direct Premiums,transport,,,,,,,,,232090987.1,231107265.2,284243198.1,317844587.6,292468156.3,277715050.9,,
in,gwp,Direct Premiums,freight,,,,,,,,,217729182.5,216806333.4,266654211.4,298176344.9,274370208.7,260530026.4,,
in,gwp,Direct Premiums,property,,,,,,,,,777588980,799343963.6,996164231.9,1163476057,1246146145,1261479902,,
in,gwp,Direct Premiums,a_s,,,,,,,,,1399338371,1510468782,2174721651,2523436007,2615241384,2672965329,,
in,gwp,Direct Premiums,other,,,,,,,,,1284412421,1286098778,1615295064,1833278295,1811487413,1805015277,,
is,gwp,Direct Premiums,motor,,,,150246124,162298766.7,206100043.5,194097682.5,264283637.6,195979618.6,154850781.4,173591892.9,176720341.7,158493495.6,,,
is,gwp,Direct Premiums,transport,,,,12724600.94,13697100.29,15342914.74,12104507.14,14405613.33,11163868.06,9747972.556,12281486.33,9875641.546,8918349.469,,,
is,gwp,Direct Premiums,freight,,,,11937201.85,12849522.87,14393494.23,11355479.49,13514193.08,10473047.21,9144767.412,11521507.19,9264536.237,8366481.452,,,
is,gwp,Direct Premiums,property,,,,66388410.18,76561353.52,94104040.28,83660469.58,107115411.1,82421334.92,68648783.83,84470862.46,95244459.18,89763011.56,,,
is,gwp,Direct Premiums,liability,,,,19972141.68,24657871.82,32258991.97,34003497.87,34825185.88,20935326.04,15369708.54,17608521.12,19814682.9,18889905.01,,,
is,gwp,Direct Premiums,a_s,,,,29705400.59,35350881.37,44086732.17,41526872.89,47562106.11,42372035.74,33805615.86,40514265.15,44447259.53,40581118.59,,,
is,gwp,Direct Premiums,other,,,,,,,,,16064741.88,3631432.395,2872923.828,8645929.278,7957230.529,,,
it,gwp,Direct Premiums,motor,15615239898,16260519405,18527757620,23418689942,26398438374,26578437011,27148588326,29500130210,30654637166,28040360131,26354437115,28787501340,25999971717,24806986600,23384958839,
it,gwp,Direct Premiums,transport,336348146.2,342138166.5,418594279.1,505512575,568203011.4,612429327.9,562534923,550994394.1,607357407,582385215.8,536183407.5,539983104.7,416534357,385086469.2,365431508.2,
it,gwp,Direct Premiums,freight,281830177.5,289294837.1,303315493.5,330222979.7,351863133.9,359739991.4,337772085.5,367329596.1,402944139.3,313484865,275834297.5,304784278.1,275118371.6,252398970.9,227231956,
it,gwp,Direct Premiums,property,3179598822,3252999531,3834436986,4744128081,5527856868,5793183114,6076130563,6740772215,7467701968,7076398351,6582978633,6941844655,6321294548,6570352770,6739885852,
it,gwp,Direct Premiums,pecuniary_loss,802060964,870571460.3,1002547472,1201016453,1293065934,1433980865,1567061571,1909291520,2166192398,1953359025,1704788984,1657525458,1198179076,1223886247,1284990067,
it,gwp,Direct Premiums,liability,1878559839,1996403071,2335812772,3164259922,3728754554,3878719077,4049498051,4462780466,4876506445,4653508662,3935234474,4081882593,3778378010,3783592566,3761951271,
it,gwp,Direct Premiums,a_s,3546440069,3661415771,4050820936,5119587086,5905829987,6254994660,6632387195,7698844557,8483885911,8080667319,7468842545,7867331161,7180075259,7352350228,7412279828,
it,gwp,Direct Premiums,other,116428204.5,128973549.7,154964925,208085713.2,254883188.9,283808712.9,317681552.5,381035924.3,420591327.9,412406755.7,383599048.9,418904418.8,357396763.1,386453135.6,407954447.3,
jo,gwp,Direct Premiums,motor,,,,,,,,,196148334.4,211267605.6,248887323.9,256633802.8,,,,
jo,gwp,Direct Premiums,transport,,,,,,,,,21302587.62,18095073.4,17884327.56,22317257.19,,,,
jo,gwp,Direct Premiums,freight,,,,,,,,,19984382.18,16975349.14,16777644.27,20936263.94,,,,
jo,gwp,Direct Premiums,property,,,,,,,,,66650978.56,75352112.68,79281690.14,76140845.07,,,,
jo,gwp,Direct Premiums,pecuniary_loss,,,,,,,,,1127289.278,845070.4225,647887.3239,647887.3239,,,,
jo,gwp,Direct Premiums,liability,,,,,,,,,21559407.44,26901408.45,26028169.01,28521126.76,,,,
jo,gwp,Direct Premiums,a_s,,,,,,,,,92014987.31,115633802.8,132394366.2,148873239.4,,,,
jp,gwp,Direct Premiums,motor,,,,,43311254421,42187120645,39943807477,38524562399,41747612926,45078354701,48292441851,54793284110,56677944960,48926941767,46221396712,
jp,gwp,Direct Premiums,transport,,,,,914264711.3,927408697.6,919359968.4,942295099.1,1059911893,1134365412,1173332487,1287162765,1331915066,1189813785,1121443464,
jp,gwp,Direct Premiums,freight,,,,,1911817622,1958620130,1955560530,1997707865,2064526077,1748070486,1988552027,2157168530,2128041304,1862635083,1724225198,
jp,gwp,Direct Premiums,property,,,,,12142403439,15420351833,14346299957,13680621543,15566860445,16991869658,17081342122,19674971953,20134409573,16950366377,16414100776,
jp,gwp,Direct Premiums,pecuniary_loss,,,,,742324850.3,730704800.8,722475290.1,757496972.7,1193219250,1604850427,1932334933,2367960516,2625032118,2574833003,2580007549,
jp,gwp,Direct Premiums,liability,,,,,4122164436,4275373964,4299329609,4257840163,4822402621,5643237179,5968524538,6584626294,6847904970,5936850177,5474770899,
jp,gwp,Direct Premiums,a_s,,,,,5681029979,12506730224,11119131930,10236076310,10735549016,10956901709,11855317658,13394720665,12899314057,10387184139,9799099380,
ke,gwp,Direct Premiums,motor,,,,,,,,198926687.2,220786127.3,214382873.1,285246008.6,302480058.9,352728285.8,388349161.7,442844152.5,
ke,gwp,Direct Premiums,transport,,,,,,,,13426800.79,14186547.34,14046690.04,16795673.71,17083591.16,20576331.12,23380431.6,23045743.81,
ke,gwp,Direct Premiums,freight,,,,,,,,12595949.53,13308682.91,13177479.99,15756356.38,16026457.48,19303066.48,21933649.05,21619671.76,
ke,gwp,Direct Premiums,property,,,,,,,,73750608.12,82771471.11,76799294.14,87501722.77,92807101.58,118695964.3,135704012.4,155294367.2,
ke,gwp,Direct Premiums,pecuniary_loss,,,,,,,,23508123.79,24904286.99,25182981.69,27680284.73,28167295.76,33916864.3,38197187.5,40418721.03,
ke,gwp,Direct Premiums,liability,,,,,,,,34131562.63,44057583.9,51451248.84,58091022.68,56915275.19,65020955.75,72300269.08,80365992.78,
ke,gwp,Direct Premiums,a_s,,,,,,,,89705686.84,93762177.32,104343572.2,119199411.9,125280741.4,226529819.3,275855242.7,328921425.1,
ke,gwp,Direct Premiums,other,,,,,,,,13795321.44,16345980.4,16206329.51,17736385.09,22178172.79,25756795.65,28521007.9,35486650.17,
kh,gwp,Direct Premiums,motor,,,,,,,2303591.92,3024780.88,4251992.2,4505822.97,4952753.72,5742969.095,6935190.16,,,
kh,gwp,Direct Premiums,transport,,,,,,,260023.8097,219601.6932,170571.162,244243.2538,246329.1567,308630.5432,684535.2931,,,
kh,gwp,Direct Premiums,freight,,,,,,,243933.5203,206012.7268,160016.208,229129.4662,231086.2933,289532.4662,642176.2069,,,
kh,gwp,Direct Premiums,property,,,,,,,4631007.17,5961792.2,9499326.02,7362942.32,9905664,11519169.47,13850495.84,,,
kh,gwp,Direct Premiums,pecuniary_loss,,,,,,,195206.54,189772.41,161526.24,76967.44,61152.41,57399.4807,73853.17,,,
kh,gwp,Direct Premiums,liability,,,,,,,834076.07,1221520.8,2250392.16,2752072.64,3339043.23,4353297.457,5306678.42,,,
kh,gwp,Direct Premiums,a_s,,,,,,,1190104.48,1684975.41,1738360.54,1653877.87,1970321.4,2332231.532,2732588.58,,,
kh,gwp,Direct Premiums,other,,,,,,,2484620.11,4985291.06,2439094.8,3187877.74,4048207.16,5610043.982,5890408.37,,,
kr,gwp,Direct Premiums,motor,,7533628152,8440075510,9046040487,10101000955,11989971842,14721601333,17437760793,15579839325,14810514280,18782492855,21980668461,23173880082,18391184822,26782876548,
kr,gwp,Direct Premiums,transport,,211022611.4,231363176.2,226889803.9,228402462.2,266013599.1,341529473.2,362018589.1,398427150.4,325273094,344552694.1,405027218,376963442.3,283229103.6,359669154.1,
kr,gwp,Direct Premiums,freight,,197964519.2,217046408.6,212849848.8,214268903.7,249552661.1,320395608.3,339616856.4,373772453.7,305145174.8,323231752.1,379964108.7,353636921.2,265702869.2,337412804.7,
kr,gwp,Direct Premiums,property,,680963572.5,769953627.2,841413292.8,929976578.3,1196035608,1474459066,1738936732,1628751353,1676082479,2180437317,2719282139,3146286523,2522164309,3669006367,
kr,gwp,Direct Premiums,pecuniary_loss,,554611336.2,748148612.1,790524337.6,787553396.5,983286409.1,1197120836,1069671216,1046235186,962464661.3,1131427533,1370576811,1404386118,1026621526,1438799956,
kr,gwp,Direct Premiums,liability,,1113870253,1397183519,1571817499,1849266179,2296613341,2706351916,3052975090,2803874003,2769924741,3412447720,4123460188,4743132129,3835216895,5301241817,
kr,gwp,Direct Premiums,a_s,,1177534368,1345516504,1512595310,1767358880,2309121681,3009926259,3694659446,3599003671,3832340066,5119657687,6498618370,7492337798,6042864191,8855827974,
kr,gwp,Direct Premiums,other,,513557703.8,542727465.4,576528895.9,593720964.1,681562972.7,835785150.4,1075051856,1166012328,1397100859,2370115780,3092143996,3683184578,2906325353,3902329385,
li,gwp,Direct Premiums,other,,,,,,144193885.8,171910318.6,235411067.3,369365662.1,498500612.3,596380677.3,557890849.1,896664084.9,,,
lt,gwp,Direct Premiums,transport,,,,,,,,,511711671.1,341990786.6,310303882.3,363979495.6,358829632,403258215.5,,
lt,gwp,Direct Premiums,freight,,,,,,,,,4871849.468,2859777.097,2490716.709,3145935.131,3004164.252,3255111.142,,
lt,gwp,Direct Premiums,pecuniary_loss,,,,,,,,,31814801.35,26817900.87,21585449.14,26016932.39,25106249.5,26814940.75,,
lt,gwp,Direct Premiums,liability,,,,,,,,,31696563.08,25093505.8,23297994.32,27299792.83,26750714.21,30586180.83,,
lt,gwp,Direct Premiums,a_s,,,,,,,,,44598366.11,34270081.07,34987005.88,42409765.5,42809220.02,48148609.32,,
lt,gwp,Direct Premiums,other,,,,,,,,,548316.9132,463317.4577,418686.9491,502481.3361,555035.8298,700565.9602,,
lu,gwp,Direct Premiums,motor,,,,,,,,,,455664866.7,450448650,497535393.5,481543692.1,517782805.5,,
lu,gwp,Direct Premiums,transport,,,,,,,,,,3826014.919,35357743.04,862672.7781,4844040.931,109081422.9,,
lu,gwp,Direct Premiums,freight,,,,,,,,,,11507293.5,11881008.41,12987399.53,12812025.46,12576305.78,,
lu,gwp,Direct Premiums,property,,,,,,,,,,237601515.5,232149384.5,270301818.1,259172902.3,293799981.6,,
lu,gwp,Direct Premiums,pecuniary_loss,,,,,,,,,,21202557.37,23508580.08,24221625.36,22197997.55,23020921.75,,
lu,gwp,Direct Premiums,liability,,,,,,,,,,87676606.89,85718675.95,95575795.37,90909329.74,93858102.96,,
lu,gwp,Direct Premiums,a_s,,,,,,,,,,82922988.79,85605889.96,97223222.09,105327036.5,112716584.9,,
lu,gwp,Direct Premiums,other,,,,,,,,,,76435337.72,78215090.67,81553188.5,79615566.58,71306020.14,,
lv,gwp,Direct Premiums,motor,,,,,,,,,,190036595.7,124534082.8,132112286.4,135504389.5,135025603.8,,
lv,gwp,Direct Premiums,transport,,,,,,,,,,1468393.144,1294777.583,1899680.993,1736532.974,1412196.403,,
lv,gwp,Direct Premiums,freight,,,,,,,,,,2351906.113,2305235.724,2766787.675,2676584.864,3090522.089,,
lv,gwp,Direct Premiums,property,,,,,,,,,,62613291.36,55240248.15,64806856.98,66513841.71,67945428.05,,
lv,gwp,Direct Premiums,pecuniary_loss,,,,,,,,,,4823038.976,4571339.854,12411564.15,12345039.22,10812617.81,,
lv,gwp,Direct Premiums,liability,,,,,,,,,,40077881.82,51663578.79,120061238,126401081.5,135406456.4,,
lv,gwp,Direct Premiums,a_s,,,,,,,,,,68454925.5,40270299.14,40511629.95,46482985.7,47016163.27,,
lv,gwp,Direct Premiums,other,,,,,,,,,,11362683.46,11144981.26,14207749.6,12248371.53,12254005.75,,
ma,gwp,Direct Premiums,motor,,,,,,,,,,816894970.8,842763475.2,933756629.4,932385460.2,1013936481,1078035076,
ma,gwp,Direct Premiums,transport,,,,,,,,,,44255732.69,43404895.34,46698825.88,39435513.33,36165403.29,35003949,
ma,gwp,Direct Premiums,freight,,,,,,,,,,41517185.22,40718997.73,43809099.64,36995241.33,33927485.9,32837903,
ma,gwp,Direct Premiums,property,,,,,,,,,,149609694.2,159243444.8,173849607.1,181492528.2,194801909.4,187988162,
ma,gwp,Direct Premiums,pecuniary_loss,,,,,,,,,,78853547.05,83290157.75,94686168.11,97715121.48,115616275.7,130206236,
ma,gwp,Direct Premiums,liability,,,,,,,,,,279664105.5,280194617.6,313678152.8,292529268.6,316205561.9,324924882,
ma,gwp,Direct Premiums,a_s,,,,,,,,,,325346833.5,324775635.9,347104093.5,341898305.1,366191791.5,384735500,
ma,gwp,Direct Premiums,other,,,,,,,,,,20361302.76,22606137.48,50287691.22,61121354.83,72395907.17,72352709,
mt,gwp,Direct Premiums,motor,,,,60318350.47,71005093.24,73026161.94,75138011.93,83060529.2,74091996.69,72627429.17,68110793.26,72829062.18,67489332.88,,,
mt,gwp,Direct Premiums,transport,,,,3261576.757,3393535.249,3425935.809,2908933.591,3613785.079,3599326.735,3090123.28,3849678.13,2982223.907,2835274.289,,,
mt,gwp,Direct Premiums,freight,,,,3059750.186,3183543.078,3213938.69,2728928.601,3390163.835,3376600.174,2898906.261,3611459.81,2797683.707,2659827.341,,,
mt,gwp,Direct Premiums,property,,,,25160916.72,26731036.68,27917371.02,27247574.51,32854140.02,29478442.19,33705701.14,34068309.96,34356639.09,33624633.73,,,
mt,gwp,Direct Premiums,liability,,,,5665446.867,7186297.302,7860714.463,8651418.82,10033054.02,8359338.575,8635344.92,8724455.091,9154071.302,8609130.882,,,
mt,gwp,Direct Premiums,a_s,,,,20287049.26,23137888.03,28664824.06,27548930.17,36801571.11,17336797.25,11003100.79,11676666.74,12062113.41,11963240.98,,,
mt,gwp,Direct Premiums,other,,,,,1.76684E-08,1.77032E-08,1.78438E-08,,1471714.538,1392797.568,2496679.672,2625586.342,2571744.783,,,
mu,gwp,Direct Premiums,motor,,,,,,,,,60190465.32,74031386.67,78278506.92,87998326.7,88043874.91,89832486.36,,
mu,gwp,Direct Premiums,transport,,,,,,,,,4301392.988,4863248.579,4962418.919,6262585.855,5559296.163,6171610.822,,
mu,gwp,Direct Premiums,freight,,,,,,,,,4035222.524,4562310.456,4655344.13,5875056.655,5215286.573,5789711.163,,
mu,gwp,Direct Premiums,property,,,,,,,,,33865487.56,40509506.77,38524757.95,41929043.93,37825450.36,44134723.76,,
mu,gwp,Direct Premiums,pecuniary_loss,,,,,,,,,224063.8131,273587.7454,1013196.902,1594861.909,2004154.677,1649454.504,,
mu,gwp,Direct Premiums,liability,,,,,,,,,8711214.779,10164435.15,13887232.58,15220163.07,11522682.15,13120979.15,,
mu,gwp,Direct Premiums,a_s,,,,,,,,,23539754.56,27995336.86,35350214.98,44433630.33,43092001.07,55220390.91,,
mu,gwp,Direct Premiums,other,,,,,,,,,6565249.232,9896089.022,7676442.308,10097671.87,8485844.881,13047429.75,,
mx,gwp,Direct Premiums,motor,2248669304,2736507916,3041377752,2892260953,2874149211,3172094090,3534216332,3992463041,4256559612,3480180992,3976597887,4468715377,4800166106,5177548452,5158452204,
mx,gwp,Direct Premiums,transport,167608384.4,180452618.6,205112351.4,195621963.7,192412458.6,207256507.2,203290559.4,248491048.6,236521099.5,228859138.1,230945004.7,258756736.2,296501606.9,287950662.4,358130976.8,
mx,gwp,Direct Premiums,freight,157236767.2,169286199.4,192419986.4,183516864.5,180505963.7,194431461.7,190710927,233114407.2,221885159.2,214697320.4,216654113.5,242744853.4,278154069.1,270132257.6,335969809.8,
mx,gwp,Direct Premiums,property,622166421,767327921.1,989216741.9,1095058058,1068579129,1109044007,1200484382,1559080213,1464255318,2117037323,1678008980,2342376063,2073133611,2513307568,1817207212,
mx,gwp,Direct Premiums,pecuniary_loss,12681818.26,12403988.86,11907164.26,16188750.75,22571314.98,26955740.71,28102812.65,36857113.24,40831274.78,38302838.54,50323174.61,55212708.69,56861714.77,59877813.43,67927357.26,
mx,gwp,Direct Premiums,liability,174242851.3,317822083.7,350074482.7,340992376.6,341420042.3,372689438.6,356279537.1,386236568.8,381385978.9,391062816.4,397793599.2,435554846.7,510562363.5,513432777,526026879.9,
mx,gwp,Direct Premiums,a_s,905001037.6,1149479464,1326859071,1355006984,1519382103,1866198268,2175097567,2592969966,2889902577,2562939453,2964315240,3315509383,3442490122,3991650620,4236905913,
mx,gwp,Direct Premiums,other,385791505.7,412817008.8,561026094.8,477158589,597310508.7,504603130.9,475115333,602362124.2,727710866.3,618822668.8,730487237.9,814229560,1079503007,1128202864,1233228111,
my,gwp,Direct Premiums,motor,,,,,,,1187239533,1293959496,1468219968,1490661801,1838509224,2064377061,2216393999,2364650963,2400894140,
my,gwp,Direct Premiums,transport,,,,,,,161055302.4,178046390.5,182576323.3,171070169.9,205611058.7,238169395.8,246973724,237798944.4,249637290,
my,gwp,Direct Premiums,freight,,,,,,,151089190.3,167028868.9,171278489.1,160484337.2,192887833.6,223431458.9,231690974.7,223083931,234189719,
my,gwp,Direct Premiums,property,,,,,,,577126542.3,632143431.7,695409457.6,692559089.5,773651635.7,891502394,964128152,1023133324,1039059368,
my,gwp,Direct Premiums,liability,,,,,,,111227033.2,127417774.1,146101987,147817814.7,167645218,191176283.2,216912646.7,220983849.4,231112566.9,
my,gwp,Direct Premiums,a_s,,,,,,,296878037.1,351998873.6,414605638.6,432104667.5,527461528.5,630718335.9,657212944.4,675836718.9,688876775.8,
my,gwp,Direct Premiums,other,,,,,,,143395635.9,172217630.7,190502590.8,177040914.3,201174261.6,206535745.2,223711401.3,245199083.8,248986820.1,
ng,gwp,Direct Premiums,motor,,,,,,,,204806115.1,326408082.3,294089979.7,292257000.7,295211850.4,349261107.9,,,
ng,gwp,Direct Premiums,transport,,,,,,,,44111141.53,71847137.97,59578166.5,73000141.71,75649462.69,85428089.68,,,
ng,gwp,Direct Premiums,freight,,,,,,,,41381541.37,67401232.63,55891465.88,68482888.43,70968269.26,80141794.21,,,
ng,gwp,Direct Premiums,property,,,,,,,,91060613.4,309562742.5,366735914.1,364337921.3,404775504.5,450158883.8,,,
ng,gwp,Direct Premiums,pecuniary_loss,,,,,,,,7886159.817,8477912.941,6015508.458,9563997.93,6556996.337,8670954.603,,,
ng,gwp,Direct Premiums,a_s,,,,,,,,131656447.7,195740941.8,174092276.6,185073356.8,199573307.5,213790317.3,,,
ng,gwp,Direct Premiums,other,,,,,,,,187217580.3,87219523.47,72122560.46,54116878.78,89568737.64,48886120.04,,,
nl,gwp,Direct Premiums,motor,,,,,,,,6399484642,6808873595,6324034676,6149759582,6383769333,5783913803,5810656279,5226334988,
nl,gwp,Direct Premiums,transport,,,,,,,,601707808.5,780888094.8,780228997.2,720457271.4,783532185.4,766217520.9,695950603.4,578046203.8,
nl,gwp,Direct Premiums,freight,,,,,,,,415301744.8,526474459.4,416586553.9,366199276.1,404987328.5,338112765.1,340006401.7,306962466.9,
nl,gwp,Direct Premiums,property,,,,,,,,5015145493,5492687446,5121646060,4951651081,4891857250,4754148309,4866341624,4583175533,
nl,gwp,Direct Premiums,pecuniary_loss,,,,,,,,1573486479,1642659137,1316636433,1228625107,1317948454,1204607076,1257758056,1331499532,
nl,gwp,Direct Premiums,liability,,,,,,,,1640647487,1910308164,1612008839,1511235418,1455727648,1434729452,1494168757,1413887726,
nl,gwp,Direct Premiums,other,,,,,,,,1801011527,2250016544,2250124697,2234346308,1933083846,1604428634,1565888858,1510893181,
no,gwp,Direct Premiums,motor,1154404486,1250102215,1509555492,1833427555,2025087519,2163572169,2223283355,2498658053,2748390176,2605067673,2868219042,3257112433,3284792696,3368500313,3260903122,
no,gwp,Direct Premiums,transport,36583156.83,39255812.15,48138922.77,62018844.88,73943542.88,86005501.73,95075172.1,106714376.5,117690397,109592529.3,120195336.7,131274870.9,131345388.9,130559341.7,125130809.2,
no,gwp,Direct Premiums,property,982344511.7,1084399696,1372993846,1725167812,1898799508,1996454370,2048620383,2256007264,2451512240,2311664614,2593556701,2978017819,3018478757,3076665669,2970668586,
no,gwp,Direct Premiums,pecuniary_loss,135021016.1,170037985.1,224564864.6,281876345.7,331545673,363746920.3,377996948,438716688.6,472780210.5,441591416.7,440168850.4,464403142.8,455592593.9,457144131.1,419509031.6,
no,gwp,Direct Premiums,liability,89086216.12,108324705.6,117292627.5,142502717.2,158693743.1,176822264.6,179256263.7,196583319.5,219371017.9,179178859.5,194866119.8,224951796.6,262361696.5,270423600.4,277331728.4,
no,gwp,Direct Premiums,a_s,250502391.5,269497503,353410012,438754704.4,492528851.6,568584409.7,594650208,658302076.4,752112354.3,721950168.9,759415148.5,890761712,917841605,1402578747,1436566474,
no,gwp,Direct Premiums,other,24095610.21,41546637.06,56682908.78,63396994.35,53128133.62,61922036.8,69764744.06,55600224.52,56516114.18,72003655.87,82084640.41,133325009.6,167307234.7,187039453.3,203017970,
nz,gwp,Direct Premiums,motor,,,,,,,,,,768921642.2,914133669,1060832662,1098634248,1156981933,1253761283,1089379820
nz,gwp,Direct Premiums,transport,,,,,,,,,,41450614.98,44552732.58,51230292.72,60376810.59,58100300.75,60227809.89,49366607.71
nz,gwp,Direct Premiums,freight,,,,,,,,,,38885648.36,41795806.73,48060159.04,56640689.82,54505050.55,56500909.29,46311798.97
nz,gwp,Direct Premiums,property,,,,,,,,,,964017762.4,1171610999,1508301586,1871737700,2091638574,2329421281,1928812362
nz,gwp,Direct Premiums,liability,,,,,,,,,,177783236.1,215324228.6,248333143.8,274032331.8,302750903.4,379940418.1,326122193.6
nz,gwp,Direct Premiums,other,,,,,,,,,,180006346.9,214773398.5,234116547.3,245457736.3,250049187.2,287837908.6,223519377.4
om,gwp,Direct Premiums,motor,,,,,,,,,,683643693.1,703836150.8,778026007.8,917664499.3,1003799740,,
om,gwp,Direct Premiums,transport,,,,,,,,,,41354945.93,52007018.12,61086373.18,42455311.16,44409130.4,,
om,gwp,Direct Premiums,freight,,,,,,,,,,38795899.32,48788820.63,57306344.63,39828173.88,41661090.67,,
om,gwp,Direct Premiums,property,,,,,,,,,,353206762,327518855.7,281459037.7,442741222.4,513084525.4,,
om,gwp,Direct Premiums,liability,,,,,,,,,,,,,63888166.45,71981794.54,,
om,gwp,Direct Premiums,a_s,,,,,,,,,,,,,308543563.1,427914174.3,,
om,gwp,Direct Premiums,other,,,,,,,,,,251612483.7,271159948,305074122.2,139237971.4,135633290,,
pe,gwp,Direct Premiums,motor,,,,,62732933.1,68565384.37,87820194.28,110377007.7,173991610.3,229826127.8,281510931.5,317133317.6,363925596.2,428624218.3,439635166.1,
pe,gwp,Direct Premiums,transport,,,,,33480916.29,38059365.54,41503114.53,43146824.15,47657938.89,49594678.45,52989652.03,62908316.28,58238151.28,69511169.88,65871848.47,
pe,gwp,Direct Premiums,freight,,,,,31091332.23,35472274.14,38640500.55,40248440.47,44699038.89,46527220.31,49710649.09,59015545.78,54634370.88,65209814.39,61795694.42,
pe,gwp,Direct Premiums,property,,,,,126804415.2,129224356,132718085.8,143486221.7,168477794.9,209889669.7,254854579.2,293941448.3,362444149.4,404655263.6,421622832.8,
pe,gwp,Direct Premiums,pecuniary_loss,,,,,19685038.84,21381813.81,23443111.35,28912950.32,39802010.26,61649852.28,60865511.16,78582098,99096076.95,91678112.86,90332600.16,
pe,gwp,Direct Premiums,liability,,,,,25828191.77,25801950.88,31286874.88,43859349.79,54109852.99,60145898.76,62237209.35,68400682.4,81707157.51,103983282.1,103188033.3,
pe,gwp,Direct Premiums,a_s,,,,,147743048.3,171523417.4,189296548.8,199736930,234339835.9,269655302.9,309795129.4,344910744.1,406524331.8,452089894.5,459749437.4,
pe,gwp,Direct Premiums,other,,,,,35722532.03,39380522.81,53227218.25,66105337.3,91389514.53,113910927.8,128705079.2,156333248.6,176825203.6,191944580.9,198818109.1,
ph,gwp,Direct Premiums,motor,,,,,,,,,,212660769.7,261864047.9,312323220.5,346232902.7,377977520.9,395991382.7,
ph,gwp,Direct Premiums,transport,,,,,,,,,,40156278.47,46506869.16,53151985.72,55910918.39,62761212.76,56312449.2,
ph,gwp,Direct Premiums,freight,,,,,,,,,,37671405.48,43629021.22,49862937.56,52451147.31,58877545.03,52827831.37,
ph,gwp,Direct Premiums,property,,,,,,,,,,220651593.1,239819992.5,296939898.7,370003410,384635364.7,427528605.7,
ph,gwp,Direct Premiums,pecuniary_loss,,,,,,,,,,25985906.12,34764167.07,40867503.91,46960841.89,48725238.49,53458532.57,
ph,gwp,Direct Premiums,liability,,,,,,,,,,143572655.6,190185398.6,229493856.6,257672488.9,269793450.2,254597584.7,
pl,gwp,Direct Premiums,motor,1952800018,2135596969,2107205357,2216001530,2563678593,3056103820,3221655830,3927886314,5070807439,3854011873,4241868789,4849100881,4470537787,4361942631,4226921388,
pl,gwp,Direct Premiums,transport,25896976.62,31969562.86,35626227.92,38818184.12,38613278.03,52480236.16,57724550.82,68156767.83,69356053.61,62010985.21,59838737.4,69445469.89,69744577.21,73127978.33,75408042.74,
pl,gwp,Direct Premiums,freight,22608796.46,27550170.49,26896551.23,27188050.48,32821903.38,37889367.15,38769716.19,40329659.54,46646552.28,29520367.38,31738168.75,36055939.11,36452897.52,37149210.54,39987950.95,
pl,gwp,Direct Premiums,property,481758156,567019471.1,598243111.1,659636671.8,750957862.5,855254547,931858651.3,1071694853,1379717065,1191843260,1379910148,1625534406,1581279621,1758076007,1699557514,
pl,gwp,Direct Premiums,pecuniary_loss,77836129.84,94777961.9,109946731.6,130270376.1,176433365.3,214737123.9,287089094.2,429613361.1,519324010.2,514173080.6,520318600.4,546252815.9,460860971.3,581569437.9,668255978.9,
pl,gwp,Direct Premiums,liability,84665462.4,101395491,110745741.1,133787129.1,170549988.3,218547565,264689254.7,306677930.4,404061277.9,356917295,412480402.7,485980120.5,536258538.4,588263201.6,608716221,
pl,gwp,Direct Premiums,a_s,151588159.5,172159824.7,184815417.3,199043209.8,223869301.5,274729783,316851250.5,413927133.5,633348768.3,477038309.2,534852226.9,567432279.7,550036060.9,605706895.1,632772788.2,
pl,gwp,Direct Premiums,other,19078467.82,19217649.08,22296157.19,24264921.06,28601786.1,33047650.36,56118147.78,78928188.23,117677116.4,122882445.7,194325035.5,194426986.5,170186919.9,196747252.5,198665091.8,
pt,gwp,Direct Premiums,motor,,,,,,,,2624978413,2624173707,1943101800,1934829797,2019901439,1742602337,1698280179,1671406646,
pt,gwp,Direct Premiums,transport,,,,,,,,49778642.8,51019492.79,46550412.55,45034550.11,44242430.15,39271219.15,37659693.44,32696153.67,
pt,gwp,Direct Premiums,freight,,,,,,,,57543277.73,60421032.51,40712627.73,38856927.54,41460403.79,37200117.76,38774011.29,38108526.51,
pt,gwp,Direct Premiums,property,,,,,,,,921795803.1,1006841227,885727103.8,893994597.2,974573476,902479536.5,929261402.5,928548173.8,
pt,gwp,Direct Premiums,pecuniary_loss,,,,,,,,70794555.85,102755167.3,91412186.62,93849178.97,88266361.98,80383417.3,91977044.26,93246161.31,
pt,gwp,Direct Premiums,liability,,,,,,,,127023396.7,142130456.8,123040719.6,125805373,128578605.8,114802782.6,112195471.8,115742125,
pt,gwp,Direct Premiums,a_s,,,,,,,,2062232213,2336876006,2014385472,1997139400,2062788345,1851594208,1874396854,1928213306,
pt,gwp,Direct Premiums,other,,,,,,,,191296481.6,208622122.2,192067300.3,218585144,237184795.3,228001136.5,235851550,243694977.6,
ro,gwp,Direct Premiums,motor,,,,74885536.99,105723629.3,156677361.5,238368451.3,474545795.4,533057968.1,407830851,365301488.5,300560385.7,258135000.6,,,
ro,gwp,Direct Premiums,transport,,,,1452673.282,2242996.072,3641930.371,,,4124816.49,5130140.099,4604518.269,3135702.909,4164018.848,,,
ro,gwp,Direct Premiums,freight,,,,1362781.769,2104199.336,3416567.495,,,3869572.59,4812686.713,4319590.394,2941665.419,3906349.104,,,
ro,gwp,Direct Premiums,property,,,,17438112.53,21500715.69,28389571.87,47295962.28,97007044.99,113697978,73696442.9,80891393.16,95599052.36,74605491.51,,,
ro,gwp,Direct Premiums,liability,,,,2050440.019,3403214.371,3929274.579,7025319.573,12782393.64,12731804.83,8925630.111,10722663.2,20394464.5,14012857.54,,,
ro,gwp,Direct Premiums,a_s,,,,3897729.955,4922332.772,5726704.695,11284491.9,10488292.75,8981350.695,5387891.203,5890339.944,5720768.689,16257509.72,,,
ro,gwp,Direct Premiums,other,,,,6514418.054,10533698.76,19547139.96,75776020.72,,26055786.63,11348632.91,18489819.91,33247225.99,1297.486809,,,
ru,gwp,Direct Premiums,motor,,,,,,,,,,,,9429266209,10602324098,,,
ru,gwp,Direct Premiums,transport,,,,,,,,,,,,680987055.2,708758494.9,,,
ru,gwp,Direct Premiums,freight,,,,,,,,,,,,794184263.7,735088072.1,,,
ru,gwp,Direct Premiums,property,,,,,,,,,,,,3639123487,3518857198,,,
ru,gwp,Direct Premiums,pecuniary_loss,,,,,,,,,,,,291841871.1,423899707.4,,,
ru,gwp,Direct Premiums,liability,,,,,,,,,,,,1352070205,1816643548,,,
ru,gwp,Direct Premiums,a_s,,,,,,,,,,,,4737572046,5661669732,,,
ru,gwp,Direct Premiums,other,,,,,,,,,,,,523137189.5,1021697841,,,
sa,gwp,Direct Premiums,motor,,,,,,,,,677893333.3,814773333.3,863680000,1045920000,1250453333,1694586667,2140266667,
sa,gwp,Direct Premiums,transport,,,,,,,,,104307270.2,96189437.5,113195609,124684406,111471601.5,121671176.6,130848455.2,
sa,gwp,Direct Premiums,freight,,,,,,,,,97852729.84,90237229.16,106191057.7,116968927.3,104573731.9,114142156.7,122751544.8,
sa,gwp,Direct Premiums,property,,,,,,,,,450320000,537840000,575146666.7,648053333.3,749226666.7,885386666.7,1013066667,
sa,gwp,Direct Premiums,pecuniary_loss,,,,,,,,,56672000,57994666.67,54058666.67,67360000,73696000,100352000,115093333.3,
sa,gwp,Direct Premiums,liability,,,,,,,,,85008000,86992000,81088000,101040000,110544000,150528000,172640000,
sa,gwp,Direct Premiums,a_s,,,,,,,,,1281386667,1944533333,2317360000,2588906667,3009440000,3438666667,4192266667,
se,gwp,Direct Premiums,motor,,,,,,,,,3179931632,2694676101,2986497746,3465472792,3236987160,3507064212,3167896162,
se,gwp,Direct Premiums,transport,,,,,,,,,50027306.7,46219085.44,56328242.69,55736981.3,52048603.88,66490734.76,62833636.97,
se,gwp,Direct Premiums,freight,,,,,,,,,46931613.87,43359045.58,52842647.55,52287973.45,48827833.06,62376283.98,58945487.63,
se,gwp,Direct Premiums,property,,,,,,,,,3058170804,2664036535,2956843833,3450000385,3298297274,3566535013,3635000321,
se,gwp,Direct Premiums,pecuniary_loss,,,,,,,,,127884134.5,84036012.73,184951151.5,174947433.3,197596907,229846983.2,248600794.9,
se,gwp,Direct Premiums,a_s,,,,,,,,,2655862238,822753092,862225432.8,1019631224,,,190356463,
se,gwp,Direct Premiums,other,,,,,,,,,308173722.5,283316934.2,314385629.6,389380059.3,387783206.1,442072174.9,464801798.3,
sg,gwp,Direct Premiums,motor,,,,,,,,,611843746.6,730879595.8,855111424.4,965452463.1,996093761.2,973387676.8,933506965,
sg,gwp,Direct Premiums,transport,,,,,,,,,145126666,399613563.8,523356252.4,593588943.1,636436595.1,678035587.8,709995659.2,
sg,gwp,Direct Premiums,freight,,,,,,,,,128279630.5,165373644.3,192870464.3,257362707.6,256940053.2,252228598.3,259263643.9,
sg,gwp,Direct Premiums,property,,,,,,,,,220921536.9,436861442,584013845.9,796295237.5,959272527.7,1190658044,1392052405,
sg,gwp,Direct Premiums,liability,,,,,,,,,,170205424.9,232871518.2,254557969.7,302613249,323434246,306459887.1,
sg,gwp,Direct Premiums,a_s,,,,,,,,,543973328.2,389250505.8,518518218.4,623671613.3,727795042.7,783984656,861765518.3,
sg,gwp,Direct Premiums,other,,,,,,,,,443817658,419010018.4,446866862.5,528717817.1,541707865.6,592983297.4,571958486.2,
si,gwp,Direct Premiums,motor,,,,422543223.9,515446860.3,567227690.6,606672322,715470332.7,816182471.9,787195327.5,739032597,747347750.5,645371133.4,,,
si,gwp,Direct Premiums,transport,,,,6986606.849,8191765.722,8010544.065,7509087.108,9193562.444,10622865.11,10064250.69,9584198.188,10771075.14,10613170.77,,,
si,gwp,Direct Premiums,freight,,,,6554275.185,7684858.753,7514851.103,7044424.334,8624664.231,9965521.565,9441474.238,8991127.411,10104560.35,9956427.107,,,
si,gwp,Direct Premiums,property,,,,150681000.9,175667335.3,182173989.3,202014478.1,241231376.5,291178611.6,317664663.2,307819681.4,328443331.7,294402369.6,,,
si,gwp,Direct Premiums,liability,,,,31564763.23,39428944.24,44414684.7,48937950.97,58937211.31,70588754.33,68270037.26,66340448.57,69585451.63,69422392.84,,,
si,gwp,Direct Premiums,a_s,,,,436790166.2,478212457.7,478122937.7,551435011.7,652421222.9,738240722.4,731464684.9,685960238.2,740389205.3,731506324.5,,,
si,gwp,Direct Premiums,other,,,,41967062.25,53584257.64,59420488.33,64172757.51,75384805.16,88235942.91,82202697.92,90223010.05,101594759.4,91277590.58,,,
sk,gwp,Direct Premiums,motor,,,,437979008.6,595135754.6,613373962.5,605807753.3,750347916,890252926.7,805307786.4,743013024,768223386,696795128.1,,,
sk,gwp,Direct Premiums,transport,,,,1898648.595,2580677.706,2762118.219,4680620.297,5674327.671,7402811.857,4313250.297,,,,,,
sk,gwp,Direct Premiums,freight,,,,1781160.103,2420985.21,2591198.173,4390983.223,5323199.924,6944725.402,4046346.102,,,,,,
sk,gwp,Direct Premiums,property,,,,161857067,198637470.1,196847248.5,210299329.2,253835922.9,311176914.7,316271397.1,289244355.8,322876495.6,294402369.6,,,
sk,gwp,Direct Premiums,liability,,,,26549138.31,33271931.57,45632184.91,51394512.14,66350397.12,82274893.99,72449835.46,75628111.37,77935705.83,75850392.17,,,
sk,gwp,Direct Premiums,a_s,,,,14801008.32,19136797.24,21155274.42,32273325.53,40134888.53,45159461.54,43191248.06,43784696.05,41751270.98,42424795.62,,,
sk,gwp,Direct Premiums,other,,,,31210229.33,34918441.73,36344503.46,43907909.97,57787746.48,76394755.77,98921890.72,,,,,,
th,gwp,Direct Premiums,motor,742029603.9,720185609.9,807783122.8,1002822323,1171456902,1203331426,1503230837,1779013867,1925127159,1908358299,2354822807,2730249409,3343613177,3855444029,,
th,gwp,Direct Premiums,transport,22367029.68,6136942.152,84172160.47,55004509.26,68735675.43,60767004.43,51251261.32,41193052.65,46947394.12,25779822.86,59320450.55,53500993.2,54776918.59,45806727.58,,
th,gwp,Direct Premiums,freight,55855921.53,51824297.41,56347586.67,68022587.75,81718634.66,84381247.57,90388898.68,100086722.4,114814325.9,95141782.89,123969614.1,137378088.7,153480709.1,160032522.3,,
th,gwp,Direct Premiums,property,221222538.8,175946020.8,228182496.8,272900627.2,312627433.6,359303635.3,392304202.7,441041741.1,461759006.3,507412594.9,658810536,759769443.1,1102666845,1344516057,,
th,gwp,Direct Premiums,liability,,,,29232908.19,11002297.55,15054450.47,16850546.99,20859764.46,21677913.22,24277391.84,35390444.27,40972056.26,51165727.01,57224887.34,,
th,gwp,Direct Premiums,a_s,62645568.11,64360358.21,74304791.26,93747424.5,120698440.4,160089823.7,197169181.4,271747391,342588493.5,404899152.5,536154448.2,687979919,846406400,956173063.7,,
th,gwp,Direct Premiums,other,109992199.8,222102453.4,206936495,287310571,205023084.5,216864772.7,264171997.4,266713231.5,276158044.7,242590052,179260865.3,188754834,229281437,249837442.1,,
tn,gwp,Direct Premiums,motor,,,,192478140.5,222406535.1,237391834.5,261001859.5,306081516.6,353573624.9,,,424243070,423239250.9,438868482.9,,
tn,gwp,Direct Premiums,transport,,,,42997133.01,45203927.52,44472431.33,48609154.6,52522402.01,57928308.44,,,59473301.01,54414133.63,49530647.62,,
tn,gwp,Direct Premiums,property,,,,94764439.35,103655897.7,115767057,129148588.5,138446866.5,152041526.6,,,152434429,147746451.1,165406402.8,,
tn,gwp,Direct Premiums,pecuniary_loss,,,,3958219.826,5058343.577,4932817.34,5484495.032,5697080.753,7545283.873,,,6954699.625,7114448.374,7011974.456,,
tn,gwp,Direct Premiums,a_s,,,,79630069.43,90969893.22,93338153.11,95039537.2,103562002.2,114720767.7,,,127675669.9,124776232.9,132560352.3,,
tn,gwp,Direct Premiums,other,,,,4423892.746,4496305.402,3853763.547,4057023.722,3902110.105,5111321.333,,,7887343.953,8592143.375,9277495.212,,
tr,gwp,Direct Premiums,motor,,,,,,,,,3774470199,3119680205,3768119222,4039215934,4719156036,5472666855,4852245139,
tr,gwp,Direct Premiums,transport,,,,,,,,,125476177.6,140319979.2,137633929.7,159745225,146417262.6,132933243.4,137701060.5,
tr,gwp,Direct Premiums,freight,,,,,,,,,240426094.5,166734095.1,198691658.1,214041641.1,210401152.9,218480666.2,223362467.2,
tr,gwp,Direct Premiums,property,,,,,,,,,2024711783,1816474641,1978465637,2258824200,2444112602,2895155372,2867186563,
tr,gwp,Direct Premiums,pecuniary_loss,,,,,,,,,31459023.25,28615916.29,32131500.99,37971534.74,51281714.77,68585323.42,75626905.21,
tr,gwp,Direct Premiums,liability,,,,,,,,,179317375.6,162045970.2,217899967.9,230632152.9,233918500,266906353.1,289879366.8,
tr,gwp,Direct Premiums,a_s,,,,,,,,,1406903752,1258099075,1533000550,1586882147,1618623153,1762906782,1812077807,
tr,gwp,Direct Premiums,other,,,,,,,,,57036381.77,65859849.36,85085366.58,115061534.2,107637361.6,125088029.1,119523369.2,
tw,gwp,Direct Premiums,motor,,,,,,,,,,,1663882102,1894357326,2014232292,2165026085,2311950446,
tw,gwp,Direct Premiums,transport,,,,,,,,,,,158876397.6,172807224.1,161693063,144768838.7,138767797.5,
tw,gwp,Direct Premiums,freight,,,,,,,,,,,149045116.3,162113902.4,151687486.2,135810534,130180837.6,
tw,gwp,Direct Premiums,property,,,,,,,,,,,680018358.4,798517117.2,907456336.6,883356440.1,876701410.5,
tw,gwp,Direct Premiums,pecuniary_loss,,,,,,,,,,,38581033.2,37394435.8,35285278.95,33455890.73,36327497.49,
tw,gwp,Direct Premiums,liability,,,,,,,,,,,207503394.8,254940468.4,278567991.7,288909755.2,299183125.3,
tw,gwp,Direct Premiums,a_s,,,,,,,,,,,384514818.2,466242783.9,471134447,492970534.4,509078992.5,
tw,gwp,Direct Premiums,other,,,,,,,,,,,60825953.25,49271071.48,48183821.11,51258724.14,52531603.36,
tz,gwp,Direct Premiums,motor,,,,,,,,,,,57234921.75,61363629.03,74327640.3,86023407.56,,
tz,gwp,Direct Premiums,transport,,,,,,,,,,,7374190.471,8383253.262,10726420.02,19095493.87,,
tz,gwp,Direct Premiums,freight,,,,,,,,,,,6917875.109,7864497.032,10062668.48,17913863.52,,
tz,gwp,Direct Premiums,property,,,,,,,,,,,49281884.36,46620547.58,60950319.31,67247061.5,,
tz,gwp,Direct Premiums,a_s,,,,,,,,,,,55425189.12,63666459.78,66957229.53,63128859.72,,
tz,gwp,Direct Premiums,other,,,,,,,,,,,5127103.014,8420799.013,7866055.615,8039225.644,,
ug,gwp,Direct Premiums,motor,,,,,,,,,26707653.44,27794005.76,29710386.53,32181213.36,35955254.66,38910372.89,41299990.33,
ug,gwp,Direct Premiums,transport,,,,,,,,,4555529.184,4132685.367,4009495.692,4302145.277,4482828.238,4891644.003,5308548.127,
ug,gwp,Direct Premiums,freight,,,,,,,,,4273632.756,3876954.541,3761387.851,4035928.262,4205430.549,4588948.77,4980054.841,
ug,gwp,Direct Premiums,property,,,,,,,,,22887301.72,23250176.77,26510335.35,26815296.94,34858260.27,35375468.19,37750105.98,
ug,gwp,Direct Premiums,pecuniary_loss,,,,,,,,,1947646.22,2093983.775,2640083.342,2351678.414,2355092.704,2757524.162,3645212.26,
ug,gwp,Direct Premiums,liability,,,,,,,,,6223022.209,6320433.96,7952251.522,7336168.156,9200423.501,10550181.93,10657535.73,
ug,gwp,Direct Premiums,a_s,,,,,,,,,7605871.02,8406993.059,9588485.217,9978261.643,11837288.27,26670003.86,31994922,
ug,gwp,Direct Premiums,other,,,,,,,,,13835628.61,13565635.58,15181375.08,16953441.63,22066963.81,12088159.41,11958552.47,
us,gwp,Direct Premiums,motor,,,,,,,,1.90984E+11,1.88193E+11,1.85656E+11,1.87127E+11,1.89846E+11,1.96708E+11,2.06288E+11,2.17452E+11,
us,gwp,Direct Premiums,transport,,,,,,,,10320780957,9793565091,9115340490,8932667941,9308109631,10235553249,11015718012,11851691708,
us,gwp,Direct Premiums,freight,,,,,,,,9682130394,9187538677,8551282658,8379913896,8732123231,9602176581,10334064700,11118308292,
us,gwp,Direct Premiums,property,,,,,,,,1.36747E+11,1.38191E+11,1.39803E+11,1.41421E+11,1.49865E+11,1.56593E+11,1.64798E+11,1.68864E+11,
us,gwp,Direct Premiums,pecuniary_loss,,,,,,,,63775763167,63335520530,55284923653,53512118151,58522069782,61852572446,65205727661,68446000000,
us,gwp,Direct Premiums,liability,,,,,,,,67840779008,59956908250,55819648393,54856004401,55845774485,58784385727,62842014829,66881000000,
us,gwp,Direct Premiums,a_s,,,,,,,,5423855020,5509834769,5296129715,5358051925,5782295322,5855892171,5765139295,5419000000,
ve,gwp,Direct Premiums,motor,,,,,,,,,3838978109,4913255240,5262599727,3812743763,4506801819,5061804969,,
ve,gwp,Direct Premiums,transport,,,,,,,,,93103865.86,84354448.07,83826121.03,94708090.46,105838423.9,141366293.2,,
ve,gwp,Direct Premiums,freight,,,,,,,,,121050302.7,136361434.6,148411739.9,123343203.5,156170202.8,149658798.7,,
ve,gwp,Direct Premiums,property,,,,,,,,,624578481.6,623582207.7,744276776.4,328603637.2,862644672.4,734185440.9,,
ve,gwp,Direct Premiums,pecuniary_loss,,,,,,,,,264468095,258952957.6,267519924.2,243786663.6,359065283.3,389524699.3,,
ve,gwp,Direct Premiums,liability,,,,,,,,,75695388.91,154872380.1,228894094.2,152937980.9,191654931.2,164908437,,
ve,gwp,Direct Premiums,a_s,,,,,,,,,172091755.9,121745691.7,255942010.9,214297738.4,267718582.4,266591707.7,,
ve,gwp,Direct Premiums,other,,,,,,,,,331136469.5,250038658.6,563689752.7,242186057.4,627223128.9,634485717.8,,
vn,gwp,Direct Premiums,motor,,,,,,,,,184141567.5,213144528.8,247855888.6,277782075.6,303310193.7,,,
vn,gwp,Direct Premiums,transport,,,,,,,,,92618060.29,107205739,124664582.5,139716617.9,152556547.6,,,
vn,gwp,Direct Premiums,freight,,,,,,,,,86886849,100571841.2,116950330.4,131070945,143116339,,,
vn,gwp,Direct Premiums,property,,,,,,,,,160295896.9,185543079,215759442.6,241810296.1,264032614.6,,,
vn,gwp,Direct Premiums,pecuniary_loss,,,,,,,,,1324759.478,1533413.876,1783135.889,1998432.199,2182087.724,,,
vn,gwp,Direct Premiums,liability,,,,,,,,,15234734,17634259.58,20506062.72,22981970.29,25094008.83,,,
vn,gwp,Direct Premiums,a_s,,,,,,,,,115916454.3,134173714.2,156024390.3,174862817.4,190932675.9,,,
vn,gwp,Direct Premiums,other,,,,,,,,,5961417.652,6900362.443,8024111.5,8992944.895,9819394.759,,,
za,gwp,Direct Premiums,motor,,,,,,2638601528,2872917803,3252903225,3074153200,3344302966,4117806789,4558547520,4538914339,4073594475,3871534746,
za,gwp,Direct Premiums,transport,,,,,,94739780.28,101330090.2,125111110.5,119650784,128156172,148320959.4,162075403.3,149268910.3,150614759.7,147271155.3,
za,gwp,Direct Premiums,freight,,,,,,88877276.82,95059777.98,117369227.2,112246786.1,120225860.1,139142849.3,152046167.3,140032140.9,141294709,138158007.1,
za,gwp,Direct Premiums,property,,,,,,2570092563,2749168126,3037057088,2929290292,3105249855,3729558460,4190459700,4003377124,3658949573,3522327279,
za,gwp,Direct Premiums,pecuniary_loss,,,,,,204377659.1,190872081.4,182343189.8,208452181.8,191534628.3,245675091.9,299378607.9,260448782.2,308303924.4,232157421.8,
za,gwp,Direct Premiums,liability,,,,,,289945585.5,262131163.3,357775913.5,355589278.6,355403149,444950309.6,498456334.2,490339849.4,409227435.2,453603336.5,
za,gwp,Direct Premiums,a_s,,,,,,256354716,343816936.1,400189896.6,459241918.3,461968629,595082498.3,660939406.7,629191919.7,643777202.3,581311325.5,
za,gwp,Direct Premiums,other,,,,,,1033873422,976182768.3,771739772.1,430145202.1,445662932,487316719.8,416259588.8,394075166.2,399610438.4,305294962.2,
br,gwp,Direct Premiums,pecuniary_loss,,,,,,,,,974623686.4,1104571074,1385435711,1910926448,1892830360,2153236728,2365424007,1993378750
br,gwp,Direct Premiums,motor,,,,,,,,,10033883470,10053176429,13038942272,14869609443,14649429696,15753719642,17112823050,12437104377
br,gwp,Direct Premiums,property,,,,,,,,,3522328426,3700658138,4916345373,6098022463,5674531772,6099593027,6316880011,4508387160
br,gwp,Direct Premiums,life,,,,,,,,,15612770949,19360149705,26262712372,32161112308,36365333047,32187778893,5572609862,4108879430
br,gwp,Direct Premiums,a_s,,,,,,,,,1110667503,1271445433,1678459510,2581839463,2433491621,2479537496,2369785312,1708496734
br,gwp,Direct Premiums,liability,,,,,,,,,298147795.5,316807873.1,425864873.9,552462323.8,549834004.5,572675776,578460125.5,443654779.7
br,gwp,Direct Premiums,freight,,,,,,,,,946674290.4,844023592.7,1118796857,1329900677,1193099480,1166528887,1087949932,741194780.5
br,gwp,Direct Premiums,other,,,,,,,,,1177706360,1421356538,2021023141,2683783181,2986286841,3295730881,3410466867,2474510228
br,gwp,Direct Premiums,transport,,,,,,,,,339426398.3,387944227.5,419684141,589723563,569577368.9,670569193,614827000.5,419064005
